source_url,url,filename,extension,anchor_text,file_type,visible_context,appears_free_or_paid
https://www.axis.com/support/tools/axis-tool-set-for-bluebeam-revu,https://www.axis.com/ftp/pub_soft/toolset_bluebeam_revu/latest/AxisToolset.zip,AxisToolset.zip,.zip,Download,zip,Integrity checksum Integrity checksum Checksums are used to ensure the integrity of a file after it has been downloaded from a server to a client device. SHA256: b1dd672daee2fc1136f935262788bbe958b1570026e62515738eee2ef467c5cb Release notes Download,appears_free
https://www.axis.com/products/axis-tool-set-for-bluebeamr-revur/support,https://www.axis.com/ftp/pub_soft/toolset_bluebeam_revu/latest/AxisToolset.zip,AxisToolset.zip,.zip,Download,zip,Integrity checksum Integrity checksum Checksums are used to ensure the integrity of a file after it has been downloaded from a server to a client device. SHA256: b1dd672daee2fc1136f935262788bbe958b1570026e62515738eee2ef467c5cb Release notes Download,appears_free
https://www.avigilon.com/bluebeamrevu,https://www.avigilon.com/fs/documents/AE-Bluebeam-Revu-Tool-Chest-Fact-Sheet.pdf,AE-Bluebeam-Revu-Tool-Chest-Fact-Sheet.pdf,.pdf,,pdf,Tool Chest fact sheet Learn more about the benefits of using the Motorola Solutions Tool Chest for Bluebeam Revu to design accurate security systems. Download,unknown
https://www.avigilon.com/bluebeamrevu,https://www.avigilon.com/fs/documents/AE-Bluebeam-Revu-Tool-Chest-Fact-Sheet.pdf,AE-Bluebeam-Revu-Tool-Chest-Fact-Sheet.pdf,.pdf,Download,pdf,Download,appears_free
https://www.avigilon.com/bluebeamrevu,https://www.avigilon.com/fs/documents/msi-revu-tool-chest-user-guide-en-v01.pdf,msi-revu-tool-chest-user-guide-en-v01.pdf,.pdf,,pdf,Tool Chest user guide This guide outlines how to install and configure the Motorola Solutions Tool Chest for Bluebeam Revu. Download,unknown
https://www.avigilon.com/bluebeamrevu,https://www.avigilon.com/fs/documents/msi-revu-tool-chest-user-guide-en-v01.pdf,msi-revu-tool-chest-user-guide-en-v01.pdf,.pdf,Download,pdf,Download,appears_free
https://www.pelco.com/bluebeamrevu,https://www.pelco.com/fs/documents/AE-New-Bluebeam-Revu-Tool-Chest-Fact-Sheet.pdf,AE-New-Bluebeam-Revu-Tool-Chest-Fact-Sheet.pdf,.pdf,,pdf,Tool Chest fact sheet Learn more about the benefits of using the Motorola Solutions Tool Chest to design accurate security systems. Download,unknown
https://www.pelco.com/bluebeamrevu,https://www.pelco.com/fs/documents/AE-New-Bluebeam-Revu-Tool-Chest-Fact-Sheet.pdf,AE-New-Bluebeam-Revu-Tool-Chest-Fact-Sheet.pdf,.pdf,Download,pdf,Download,appears_free
https://www.pelco.com/bluebeamrevu,https://www.pelco.com/fs/documents/msi-revu-tool-chest-user-guide-en-v01-1.pdf,msi-revu-tool-chest-user-guide-en-v01-1.pdf,.pdf,,pdf,Tool Chest configuration guide This guide outlines how to install and configure the Motorola Solutions Tool Chest. Download,unknown
https://www.pelco.com/bluebeamrevu,https://www.pelco.com/fs/documents/msi-revu-tool-chest-user-guide-en-v01-1.pdf,msi-revu-tool-chest-user-guide-en-v01-1.pdf,.pdf,Download,pdf,Download,appears_free
https://www.cadgroup.com.au/knowledge-base/adding-industry-specific-tool-sets-revu/,https://www.cadgroup.com.au/wp-content/uploads/2025/06/Cadgroup-Autodesk-Capability-Statement-2025-1.pdf,Cadgroup-Autodesk-Capability-Statement-2025-1.pdf,.pdf,Capability Statement,pdf,Capability Statement,unknown
https://www.cadgroup.com.au/knowledge-base/adding-industry-specific-tool-sets-revu/,https://www.cadgroup.com.au/wp-content/uploads/2022/09/Privacy-Policy.pdf,Privacy-Policy.pdf,.pdf,Privacy,pdf,"© document.currentScript.insertAdjacentHTML('afterend', '<time datetime=""' + new Date().toJSON() + '"">' + new Intl.DateTimeFormat(document.documentElement.lang, {year: 'numeric'}).format() + '</time>'); Cadgroup. Cadgroup Australia Pty Ltd - ABN: 21 003 874 084 / Privacy / Built By Getmilk",unknown
https://zentekconsultants.net/bluebeam-revu/,https://zentekconsultants.net/wp-content/uploads/2024/11/10-Reasons-Why-Bluebeam_ZTC-US.pdf,10-Reasons-Why-Bluebeam_ZTC-US.pdf,.pdf,Learn Why,pdf,"Join over 3 million professionals worldwide using Bluebeam Revu software to collaborate digitally, reduce risk, and boost profitability. Learn Why they trust it.",unknown
https://zentekconsultants.net/bluebeam-revu/,https://zentekconsultants.net/wp-content/uploads/2024/07/Trio-ZenTek.pdf,Trio-ZenTek.pdf,.pdf,Lease Your Software,pdf,Lease Your Software,unknown
https://www.axis.com/products/axis-device-manager-extend,https://www.axis.com/ftp/pub_soft/cam_srv/axis_device_management/AxisDeviceManagementClientSetup.exe,AxisDeviceManagementClientSetup.exe,.exe,Download,exe,Integrity checksum Integrity checksum Checksums are used to ensure the integrity of a file after it has been downloaded from a server to a client device. SHA256: 11c20996bda786b8d3ab5ab381847af45d6c94a0f81da596bb7172a33a5ed787 Software Bill of Materials Software Bill of Materials A Software Bill of ,appears_free
https://www.axis.com/products/axis-device-manager-extend,https://www.axis.com/ftp/pub_soft/cam_srv/axis_device_management/AxisDeviceManagementCombinedSetup.exe,AxisDeviceManagementCombinedSetup.exe,.exe,Download,exe,Integrity checksum Integrity checksum Checksums are used to ensure the integrity of a file after it has been downloaded from a server to a client device. SHA256: d82324a654117e68dbf16e9f0d01728e8e3d50a7c2c0d0c7f19a7b8327af7a56 Download,appears_free
https://www.axis.com/products/axis-device-manager-extend,https://www.axis.com/ftp/pub_soft/cam_srv/axis_device_management/AxisEdgeHostSetup.exe,AxisEdgeHostSetup.exe,.exe,Download,exe,Integrity checksum Integrity checksum Checksums are used to ensure the integrity of a file after it has been downloaded from a server to a client device. SHA256: 6bcdd77dd5e879851657234b2cc2daa6074ae3e0c83565d7ff8f6b6d5468ca4c Software Bill of Materials Software Bill of Materials A Software Bill of ,appears_free
https://www.axis.com/products/axis-m1055-l,https://www.axis.com/dam/public/0b/e1/40/datasheet-axis-m1055-l-box-camera-en-US-519603.pdf,datasheet-axis-m1055-l-box-camera-en-US-519603.pdf,.pdf,Datasheet (pdf),pdf,Datasheet (pdf),unknown
https://www.avigilon.com/ar/bluebeamrevu,https://www.avigilon.com/fs/documents/AE-Bluebeam-Revu-Tool-Chest-Fact-Sheet.pdf,AE-Bluebeam-Revu-Tool-Chest-Fact-Sheet.pdf,.pdf,,pdf,ØµØ­ÙÙØ© ÙÙØ§Ø¦Ø¹ ØµÙØ¯ÙÙ Ø§ÙØ£Ø¯ÙØ§Øª ØªØ¹Ø±ÙÙ Ø¹ÙÙ Ø§ÙÙØ²ÙØ¯ Ø­ÙÙ ÙÙØ§Ø¦Ø¯ Ø§Ø³ØªØ®Ø¯Ø§Ù Motorola Solutions Tool Chest for Bluebeam Revu ÙØªØµÙÙÙ Ø£ÙØ¸ÙØ© Ø£ÙØ§Ù Ø¯ÙÙÙØ©. ØªÙØ²ÙÙ,unknown
https://www.avigilon.com/ar/bluebeamrevu,https://www.avigilon.com/fs/documents/AE-Bluebeam-Revu-Tool-Chest-Fact-Sheet.pdf,AE-Bluebeam-Revu-Tool-Chest-Fact-Sheet.pdf,.pdf,ØªÙØ²ÙÙ,pdf,ØªÙØ²ÙÙ,unknown
https://www.avigilon.com/ar/bluebeamrevu,https://www.avigilon.com/fs/documents/msi-revu-tool-chest-user-guide-en-v01.pdf,msi-revu-tool-chest-user-guide-en-v01.pdf,.pdf,,pdf,Ø¯ÙÙÙ ÙØ³ØªØ®Ø¯Ù Tool Chest ÙÙØ¶ÙØ­ ÙØ°Ø§ Ø§ÙØ¯ÙÙÙ ÙÙÙÙØ© ØªØ«Ø¨ÙØª Motorola Solutions Tool Chest for Bluebeam Revu ÙØªÙÙØ¦ØªÙ. ØªÙØ²ÙÙ,unknown
https://www.avigilon.com/ar/bluebeamrevu,https://www.avigilon.com/fs/documents/msi-revu-tool-chest-user-guide-en-v01.pdf,msi-revu-tool-chest-user-guide-en-v01.pdf,.pdf,ØªÙØ²ÙÙ,pdf,ØªÙØ²ÙÙ,unknown
https://www.avigilon.com/blog/vape-detectors-guide,https://www.researchgate.net/profile/Matteo-Vitali-5/publication/230721126_Electronic_cigarettes_an_evaluation_of_exposure_to_chemicals_and_fine_particulate_matter_PM/links/543b76a10cf204cab1dafeb3/Electronic-cigarettes-an-evaluation-of-exposure-to-chemicals-and-fine-particulate-matter-PM.pdf,Electronic-cigarettes-an-evaluation-of-exposure-to-chemicals-and-fine-particulate-matter-PM.pdf,.pdf,10 times,pdf,"While exact figures may vary depending on the specific types and number of vape sensors deployed within certain environments, some information regarding the sensitivity of modern vape detection devices is readily available. For example, one study found that the particulate matter yield emitted when ",unknown
https://www.avigilon.com/br/bluebeamrevu,https://www.avigilon.com/fs/documents/AE-Bluebeam-Revu-Tool-Chest-Fact-Sheet.pdf,AE-Bluebeam-Revu-Tool-Chest-Fact-Sheet.pdf,.pdf,,pdf,Folha de dados do Tool Chest Saiba mais sobre os benefÃ­cios de usar o Motorola Solutions Tool Chest for Bluebeam Revu para projetar sistemas de seguranÃ§a precisos. Baixar,unknown
https://www.avigilon.com/br/bluebeamrevu,https://www.avigilon.com/fs/documents/AE-Bluebeam-Revu-Tool-Chest-Fact-Sheet.pdf,AE-Bluebeam-Revu-Tool-Chest-Fact-Sheet.pdf,.pdf,Baixar,pdf,Baixar,unknown
https://www.avigilon.com/br/bluebeamrevu,https://www.avigilon.com/fs/documents/msi-revu-tool-chest-user-guide-en-v01.pdf,msi-revu-tool-chest-user-guide-en-v01.pdf,.pdf,,pdf,Guia do usuÃ¡rio do Tool Chest Esse guia descreve como instalar e configurar o Motorola Solutions Tool Chest for Bluebeam Revu. Baixar,unknown
https://www.avigilon.com/br/bluebeamrevu,https://www.avigilon.com/fs/documents/msi-revu-tool-chest-user-guide-en-v01.pdf,msi-revu-tool-chest-user-guide-en-v01.pdf,.pdf,Baixar,pdf,Baixar,unknown
https://www.avigilon.com/de/bluebeamrevu,https://www.avigilon.com/fs/documents/AE-Bluebeam-Revu-Tool-Chest-Fact-Sheet.pdf,AE-Bluebeam-Revu-Tool-Chest-Fact-Sheet.pdf,.pdf,,pdf,Faktenblatt zu Tool Chest Erfahren Sie mehr Ã¼ber die Vorteile von Motorola Solutions Tool Chest fÃ¼r Bluebeam Revu bei der Gestaltung prÃ¤ziser Sicherheitssysteme. Faktenblatt herunterladen,unknown
https://www.avigilon.com/de/bluebeamrevu,https://www.avigilon.com/fs/documents/AE-Bluebeam-Revu-Tool-Chest-Fact-Sheet.pdf,AE-Bluebeam-Revu-Tool-Chest-Fact-Sheet.pdf,.pdf,Faktenblatt herunterladen,pdf,Faktenblatt herunterladen,unknown
https://www.avigilon.com/de/bluebeamrevu,https://www.avigilon.com/fs/documents/msi-revu-tool-chest-user-guide-en-v01.pdf,msi-revu-tool-chest-user-guide-en-v01.pdf,.pdf,,pdf,"Tool Chest-Benutzerhandbuch In diesem Handbuch wird beschrieben, wie Sie Motorola Solutions Tool Chest fÃ¼r Bluebeam Revu installieren und konfigurieren. Leitfaden herunterladen",unknown
https://www.avigilon.com/de/bluebeamrevu,https://www.avigilon.com/fs/documents/msi-revu-tool-chest-user-guide-en-v01.pdf,msi-revu-tool-chest-user-guide-en-v01.pdf,.pdf,Leitfaden herunterladen,pdf,Leitfaden herunterladen,unknown
https://www.avigilon.com/discontinued-products,https://www.avigilon.com/fs/documents/Avigilon-Alta-Cloud-Connectors-Datasheet.pdf,Avigilon-Alta-Cloud-Connectors-Datasheet.pdf,.pdf,,pdf,A500 Cloud Connector View downloads,unknown
https://www.avigilon.com/discontinued-products,https://www.avigilon.com/fs/documents/Avigilon-Alta-Cloud-Connectors-Datasheet.pdf,Avigilon-Alta-Cloud-Connectors-Datasheet.pdf,.pdf,View downloads,pdf,View downloads,appears_free
https://www.avigilon.com/discontinued-products,https://www.avigilon.com/fs/documents/Avigilon-Alta-Cloud-Connectors-Datasheet.pdf,Avigilon-Alta-Cloud-Connectors-Datasheet.pdf,.pdf,,pdf,A750 Cloud Connector View downloads,unknown
https://www.avigilon.com/discontinued-products,https://www.avigilon.com/fs/documents/Avigilon-Alta-Cloud-Connectors-Datasheet.pdf,Avigilon-Alta-Cloud-Connectors-Datasheet.pdf,.pdf,View downloads,pdf,View downloads,appears_free
https://www.avigilon.com/discontinued-products,https://www.avigilon.com/fs/documents/Avigilon-Alta-Cloud-Connectors-Datasheet.pdf,Avigilon-Alta-Cloud-Connectors-Datasheet.pdf,.pdf,,pdf,A1000 Cloud Connector View downloads,unknown
https://www.avigilon.com/discontinued-products,https://www.avigilon.com/fs/documents/Avigilon-Alta-Cloud-Connectors-Datasheet.pdf,Avigilon-Alta-Cloud-Connectors-Datasheet.pdf,.pdf,View downloads,pdf,View downloads,appears_free
https://www.avigilon.com/discontinued-products,https://www.avigilon.com/fs/documents/Avigilon-Alta-Cloud-Connectors-Datasheet.pdf,Avigilon-Alta-Cloud-Connectors-Datasheet.pdf,.pdf,,pdf,A2000 Cloud Connector View downloads,unknown
https://www.avigilon.com/discontinued-products,https://www.avigilon.com/fs/documents/Avigilon-Alta-Cloud-Connectors-Datasheet.pdf,Avigilon-Alta-Cloud-Connectors-Datasheet.pdf,.pdf,View downloads,pdf,View downloads,appears_free
https://www.avigilon.com/discontinued-products,https://www.avigilon.com/fs/documents/Avigilon-Alta-Cloud-Connectors-Datasheet.pdf,Avigilon-Alta-Cloud-Connectors-Datasheet.pdf,.pdf,,pdf,A3000 Cloud Connector View downloads,unknown
https://www.avigilon.com/discontinued-products,https://www.avigilon.com/fs/documents/Avigilon-Alta-Cloud-Connectors-Datasheet.pdf,Avigilon-Alta-Cloud-Connectors-Datasheet.pdf,.pdf,View downloads,pdf,View downloads,appears_free
https://www.pelco.com/ar/bluebeamrevu,https://www.pelco.com/fs/documents/AE-New-Bluebeam-Revu-Tool-Chest-Fact-Sheet.pdf,AE-New-Bluebeam-Revu-Tool-Chest-Fact-Sheet.pdf,.pdf,,pdf,Ø§ÙÙØ´Ø±Ø© Ø§ÙÙÙÙØ© ÙØµÙØ¯ÙÙ Ø§ÙØ£Ø¯ÙØ§Øª ØªØ¹Ø±ÙÙ Ø¹ÙÙ Ø§ÙÙÙØ§Ø¦Ø¯ Ø§ÙÙØ°ÙÙØ© ÙØ§Ø³ØªØ®Ø¯Ø§Ù ØµÙØ¯ÙÙ Ø£Ø¯ÙØ§Øª Motorola Solutions ÙÙ ØªØµÙÙÙ Ø£ÙØ¸ÙØ© Ø£ÙÙÙØ© Ø¯ÙÙÙØ© ÙÙÙØ«ÙÙØ©. ØªÙØ²ÙÙ,unknown
https://www.pelco.com/ar/bluebeamrevu,https://www.pelco.com/fs/documents/AE-New-Bluebeam-Revu-Tool-Chest-Fact-Sheet.pdf,AE-New-Bluebeam-Revu-Tool-Chest-Fact-Sheet.pdf,.pdf,ØªÙØ²ÙÙ,pdf,ØªÙØ²ÙÙ,unknown
https://www.pelco.com/ar/bluebeamrevu,https://www.pelco.com/fs/documents/msi-revu-tool-chest-user-guide-en-v01-1.pdf,msi-revu-tool-chest-user-guide-en-v01-1.pdf,.pdf,,pdf,Ø¯ÙÙÙ ØªÙÙÙÙ ØµÙØ¯ÙÙ Ø§ÙØ£Ø¯ÙØ§Øª ØªØ¹Ø±ÙÙÙ ÙÙ ÙØ°Ø§ Ø§ÙØ¯ÙÙÙ Ø¹ÙÙ ÙÙÙÙØ© ØªØ«Ø¨ÙØª ÙØªÙÙÙÙ ØµÙØ¯ÙÙ Ø§ÙØ£Ø¯ÙØ§Øª Ø§ÙÙÙØ¯Ù ÙÙ Motorola Solutions Ø¨ÙÙ Ø³ÙÙÙØ©. ØªÙØ²ÙÙ,unknown
https://www.pelco.com/ar/bluebeamrevu,https://www.pelco.com/fs/documents/msi-revu-tool-chest-user-guide-en-v01-1.pdf,msi-revu-tool-chest-user-guide-en-v01-1.pdf,.pdf,ØªÙØ²ÙÙ,pdf,ØªÙØ²ÙÙ,unknown
https://www.pelco.com/br/bluebeamrevu,https://www.pelco.com/fs/documents/AE-New-Bluebeam-Revu-Tool-Chest-Fact-Sheet.pdf,AE-New-Bluebeam-Revu-Tool-Chest-Fact-Sheet.pdf,.pdf,,pdf,Ficha de dados da Caixa de Ferramentas Saiba mais sobre os benefÃ­cios de usar a Caixa de Ferramentas da Motorola Solutions para projetar sistemas de seguranÃ§a precisos. Baixar,unknown
https://www.pelco.com/br/bluebeamrevu,https://www.pelco.com/fs/documents/AE-New-Bluebeam-Revu-Tool-Chest-Fact-Sheet.pdf,AE-New-Bluebeam-Revu-Tool-Chest-Fact-Sheet.pdf,.pdf,Baixar,pdf,Baixar,unknown
https://www.pelco.com/br/bluebeamrevu,https://www.pelco.com/fs/documents/msi-revu-tool-chest-user-guide-en-v01-1.pdf,msi-revu-tool-chest-user-guide-en-v01-1.pdf,.pdf,,pdf,Guia de configuraÃ§Ã£o da Caixa de Ferramentas Este guia descreve como instalar e configurar a Caixa de Ferramentas da Motorola Solutions. Baixar,unknown
https://www.pelco.com/br/bluebeamrevu,https://www.pelco.com/fs/documents/msi-revu-tool-chest-user-guide-en-v01-1.pdf,msi-revu-tool-chest-user-guide-en-v01-1.pdf,.pdf,Baixar,pdf,Baixar,unknown
https://www.pelco.com/es/bluebeamrevu,https://www.pelco.com/fs/documents/AE-New-Bluebeam-Revu-Tool-Chest-Fact-Sheet.pdf,AE-New-Bluebeam-Revu-Tool-Chest-Fact-Sheet.pdf,.pdf,,pdf,Ficha tÃ©cnica del Tool Chest MÃ¡s informaciÃ³n sobre las ventajas de utilizar el Tool Chest de Motorola Solutions para diseÃ±ar sistemas de seguridad precisos. Descargar,unknown
https://www.pelco.com/es/bluebeamrevu,https://www.pelco.com/fs/documents/AE-New-Bluebeam-Revu-Tool-Chest-Fact-Sheet.pdf,AE-New-Bluebeam-Revu-Tool-Chest-Fact-Sheet.pdf,.pdf,Descargar,pdf,Descargar,unknown
https://www.pelco.com/es/bluebeamrevu,https://www.pelco.com/fs/documents/msi-revu-tool-chest-user-guide-en-v01-1.pdf,msi-revu-tool-chest-user-guide-en-v01-1.pdf,.pdf,,pdf,GuÃ­a de configuraciÃ³n del Tool Chest Esta guÃ­a describe cÃ³mo instalar y configurar el Tool Chest de Motorola Solutions. Descargar,unknown
https://www.pelco.com/es/bluebeamrevu,https://www.pelco.com/fs/documents/msi-revu-tool-chest-user-guide-en-v01-1.pdf,msi-revu-tool-chest-user-guide-en-v01-1.pdf,.pdf,Descargar,pdf,Descargar,unknown
https://www.pelco.com/it/bluebeamrevu,https://www.pelco.com/fs/documents/AE-New-Bluebeam-Revu-Tool-Chest-Fact-Sheet.pdf,AE-New-Bluebeam-Revu-Tool-Chest-Fact-Sheet.pdf,.pdf,,pdf,Scheda informativa sul kit di strumenti Scopri di piÃ¹ sui vantaggi dell'utilizzo del kit di strumenti di Motorola Solutions per progettare sistemi di sicurezza accurati. Scarica,unknown
https://www.pelco.com/it/bluebeamrevu,https://www.pelco.com/fs/documents/AE-New-Bluebeam-Revu-Tool-Chest-Fact-Sheet.pdf,AE-New-Bluebeam-Revu-Tool-Chest-Fact-Sheet.pdf,.pdf,Scarica,pdf,Scarica,unknown
https://www.pelco.com/it/bluebeamrevu,https://www.pelco.com/fs/documents/msi-revu-tool-chest-user-guide-en-v01-1.pdf,msi-revu-tool-chest-user-guide-en-v01-1.pdf,.pdf,,pdf,Guida alla configurazione del kit di strumenti Questa guida illustra come installare e configurare il kit di strumenti di Motorola Solutions. Scarica,unknown
https://www.pelco.com/it/bluebeamrevu,https://www.pelco.com/fs/documents/msi-revu-tool-chest-user-guide-en-v01-1.pdf,msi-revu-tool-chest-user-guide-en-v01-1.pdf,.pdf,Scarica,pdf,Scarica,unknown
https://www.pelco.com/partners/technical-partners/videoxpert-integrations/camera-configuration-tool,https://www.pelco.com/fs/documents/Camera-Configuration-Tool/Camera-Configuration-Tool-2.18.0.2.exe,Camera-Configuration-Tool-2.18.0.2.exe,.exe,,exe,Camera Configuration Tool v2.18.0.2 264 MB Download,unknown
https://www.pelco.com/partners/technical-partners/videoxpert-integrations/camera-configuration-tool,https://www.pelco.com/fs/documents/Camera-Configuration-Tool/Camera-Configuration-Tool-2.18.0.2.exe,Camera-Configuration-Tool-2.18.0.2.exe,.exe,Download,exe,Download,appears_free
https://www.pelco.com/partners/technical-partners/videoxpert-integrations/camera-configuration-tool,https://www.pelco.com/fs/documents/release-notes/Camera-Configuration-Tool-CCT-Release-Notes-2.18.0.2.pdf,Camera-Configuration-Tool-CCT-Release-Notes-2.18.0.2.pdf,.pdf,,pdf,Camera Configuration Tool (CCT) Release Notes v2.18.0.2 363 KB PDF Download,unknown
https://www.pelco.com/partners/technical-partners/videoxpert-integrations/camera-configuration-tool,https://www.pelco.com/fs/documents/release-notes/Camera-Configuration-Tool-CCT-Release-Notes-2.18.0.2.pdf,Camera-Configuration-Tool-CCT-Release-Notes-2.18.0.2.pdf,.pdf,Download,pdf,Download,appears_free
https://www.pelco.com/partners/technical-partners/videoxpert-integrations/camera-configuration-tool,https://www.pelco.com/fs/documents/camera-configuration-tool-user-guide-en.pdf,camera-configuration-tool-user-guide-en.pdf,.pdf,,pdf,Camera Configuration Tool User Guide - English 392 KB PDF Download,unknown
https://www.pelco.com/partners/technical-partners/videoxpert-integrations/camera-configuration-tool,https://www.pelco.com/fs/documents/camera-configuration-tool-user-guide-en.pdf,camera-configuration-tool-user-guide-en.pdf,.pdf,Download,pdf,Download,appears_free
https://www.pelco.com/partners/technical-partners/videoxpert-integrations/camera-configuration-tool,https://www.pelco.com/fs/documents/camera-configuration-tool-user-guide-de.pdf,camera-configuration-tool-user-guide-de.pdf,.pdf,,pdf,Camera Configuration Tool User Guide - German 413 KB PDF Download,unknown
https://www.pelco.com/partners/technical-partners/videoxpert-integrations/camera-configuration-tool,https://www.pelco.com/fs/documents/camera-configuration-tool-user-guide-de.pdf,camera-configuration-tool-user-guide-de.pdf,.pdf,Download,pdf,Download,appears_free
https://www.pelco.com/partners/technical-partners/videoxpert-integrations/camera-configuration-tool,https://www.pelco.com/fs/documents/camera-configuration-tool-user-guide-es.pdf,camera-configuration-tool-user-guide-es.pdf,.pdf,,pdf,Camera Configuration Tool User Guide - Spanish 411 KB PDF Download,unknown
https://www.pelco.com/partners/technical-partners/videoxpert-integrations/camera-configuration-tool,https://www.pelco.com/fs/documents/camera-configuration-tool-user-guide-es.pdf,camera-configuration-tool-user-guide-es.pdf,.pdf,Download,pdf,Download,appears_free
https://www.pelco.com/partners/technical-partners/videoxpert-integrations/camera-configuration-tool,https://www.pelco.com/fs/documents/camera-configuration-tool-user-guide-fr.pdf,camera-configuration-tool-user-guide-fr.pdf,.pdf,,pdf,Camera Configuration Tool User Guide - French 416 KB PDF Download,unknown
https://www.pelco.com/partners/technical-partners/videoxpert-integrations/camera-configuration-tool,https://www.pelco.com/fs/documents/camera-configuration-tool-user-guide-fr.pdf,camera-configuration-tool-user-guide-fr.pdf,.pdf,Download,pdf,Download,appears_free
https://www.pelco.com/partners/technical-partners/videoxpert-integrations/camera-configuration-tool,https://www.pelco.com/fs/documents/camera-configuration-tool-user-guide-it.pdf,camera-configuration-tool-user-guide-it.pdf,.pdf,,pdf,Camera Configuration Tool User Guide - Italian 587 KB PDF Download,unknown
https://www.pelco.com/partners/technical-partners/videoxpert-integrations/camera-configuration-tool,https://www.pelco.com/fs/documents/camera-configuration-tool-user-guide-it.pdf,camera-configuration-tool-user-guide-it.pdf,.pdf,Download,pdf,Download,appears_free
https://www.cadgroup.com.au/autodesk-aec-collection/,https://www.cadgroup.com.au/wp-content/uploads/2025/06/Cadgroup-Autodesk-Capability-Statement-2025-1.pdf,Cadgroup-Autodesk-Capability-Statement-2025-1.pdf,.pdf,Capability Statement,pdf,Capability Statement,unknown
https://www.cadgroup.com.au/autodesk-aec-collection/,https://www.cadgroup.com.au/wp-content/uploads/2022/09/Privacy-Policy.pdf,Privacy-Policy.pdf,.pdf,Privacy,pdf,"© document.currentScript.insertAdjacentHTML('afterend', '<time datetime=""' + new Date().toJSON() + '"">' + new Intl.DateTimeFormat(document.documentElement.lang, {year: 'numeric'}).format() + '</time>'); Cadgroup. Cadgroup Australia Pty Ltd - ABN: 21 003 874 084 / Privacy / Built By Getmilk",unknown
https://www.cadgroup.com.au/autodesk-pdm-collection/,https://www.cadgroup.com.au/wp-content/uploads/2025/06/Cadgroup-Autodesk-Capability-Statement-2025-1.pdf,Cadgroup-Autodesk-Capability-Statement-2025-1.pdf,.pdf,Capability Statement,pdf,Capability Statement,unknown
https://www.cadgroup.com.au/autodesk-pdm-collection/,https://www.cadgroup.com.au/wp-content/uploads/2022/09/Privacy-Policy.pdf,Privacy-Policy.pdf,.pdf,Privacy,pdf,"© document.currentScript.insertAdjacentHTML('afterend', '<time datetime=""' + new Date().toJSON() + '"">' + new Intl.DateTimeFormat(document.documentElement.lang, {year: 'numeric'}).format() + '</time>'); Cadgroup. Cadgroup Australia Pty Ltd - ABN: 21 003 874 084 / Privacy / Built By Getmilk",unknown
https://www.cadgroup.com.au/bluebeam-revu/,https://www.cadgroup.com.au/wp-content/uploads/2025/06/Cadgroup-Autodesk-Capability-Statement-2025-1.pdf,Cadgroup-Autodesk-Capability-Statement-2025-1.pdf,.pdf,Capability Statement,pdf,Capability Statement,unknown
https://www.cadgroup.com.au/bluebeam-revu/,https://www.cadgroup.com.au/wp-content/uploads/2022/09/Privacy-Policy.pdf,Privacy-Policy.pdf,.pdf,Privacy,pdf,"© document.currentScript.insertAdjacentHTML('afterend', '<time datetime=""' + new Date().toJSON() + '"">' + new Intl.DateTimeFormat(document.documentElement.lang, {year: 'numeric'}).format() + '</time>'); Cadgroup. Cadgroup Australia Pty Ltd - ABN: 21 003 874 084 / Privacy / Built By Getmilk",unknown
https://www.cadgroup.com.au/category/knowledge-base/bluebeam/,https://www.cadgroup.com.au/wp-content/uploads/2025/06/Cadgroup-Autodesk-Capability-Statement-2025-1.pdf,Cadgroup-Autodesk-Capability-Statement-2025-1.pdf,.pdf,Capability Statement,pdf,Capability Statement,unknown
https://www.cadgroup.com.au/category/knowledge-base/bluebeam/,https://www.cadgroup.com.au/wp-content/uploads/2022/09/Privacy-Policy.pdf,Privacy-Policy.pdf,.pdf,Privacy,pdf,"© document.currentScript.insertAdjacentHTML('afterend', '<time datetime=""' + new Date().toJSON() + '"">' + new Intl.DateTimeFormat(document.documentElement.lang, {year: 'numeric'}).format() + '</time>'); Cadgroup. Cadgroup Australia Pty Ltd - ABN: 21 003 874 084 / Privacy / Built By Getmilk",unknown
https://www.cadgroup.com.au/category/products/,https://www.cadgroup.com.au/wp-content/uploads/2025/06/Cadgroup-Autodesk-Capability-Statement-2025-1.pdf,Cadgroup-Autodesk-Capability-Statement-2025-1.pdf,.pdf,Capability Statement,pdf,Capability Statement,unknown
https://www.cadgroup.com.au/category/products/,https://www.cadgroup.com.au/wp-content/uploads/2022/09/Privacy-Policy.pdf,Privacy-Policy.pdf,.pdf,Privacy,pdf,"© document.currentScript.insertAdjacentHTML('afterend', '<time datetime=""' + new Date().toJSON() + '"">' + new Intl.DateTimeFormat(document.documentElement.lang, {year: 'numeric'}).format() + '</time>'); Cadgroup. Cadgroup Australia Pty Ltd - ABN: 21 003 874 084 / Privacy / Built By Getmilk",unknown
https://www.cadgroup.com.au/support/,https://www.cadgroup.com.au/wp-content/uploads/2025/06/Cadgroup-Autodesk-Capability-Statement-2025-1.pdf,Cadgroup-Autodesk-Capability-Statement-2025-1.pdf,.pdf,Capability Statement,pdf,Capability Statement,unknown
https://www.cadgroup.com.au/support/,https://www.cadgroup.com.au/TeamViewerQS.exe,TeamViewerQS.exe,.exe,Launch Team Viewer,exe,Launch Team Viewer,unknown
https://www.cadgroup.com.au/support/,https://www.cadgroup.com.au/wp-content/uploads/2022/09/Privacy-Policy.pdf,Privacy-Policy.pdf,.pdf,Privacy,pdf,"© document.currentScript.insertAdjacentHTML('afterend', '<time datetime=""' + new Date().toJSON() + '"">' + new Intl.DateTimeFormat(document.documentElement.lang, {year: 'numeric'}).format() + '</time>'); Cadgroup. Cadgroup Australia Pty Ltd - ABN: 21 003 874 084 / Privacy / Built By Getmilk",unknown
https://www.cadgroup.com.au/training/bluebeam/,https://www.cadgroup.com.au/wp-content/uploads/2025/06/Cadgroup-Autodesk-Capability-Statement-2025-1.pdf,Cadgroup-Autodesk-Capability-Statement-2025-1.pdf,.pdf,Capability Statement,pdf,Capability Statement,unknown
https://www.cadgroup.com.au/training/bluebeam/,https://www.cadgroup.com.au/wp-content/uploads/2022/09/Privacy-Policy.pdf,Privacy-Policy.pdf,.pdf,Privacy,pdf,"© document.currentScript.insertAdjacentHTML('afterend', '<time datetime=""' + new Date().toJSON() + '"">' + new Intl.DateTimeFormat(document.documentElement.lang, {year: 'numeric'}).format() + '</time>'); Cadgroup. Cadgroup Australia Pty Ltd - ABN: 21 003 874 084 / Privacy / Built By Getmilk",unknown
