source_domain,source_url,canonical_url,http_status,page_type,title,meta_description,h1,h2_list,h3_list,word_count,detected_language,crawl_timestamp,robots_allowed,canonical_duplicate_of,notes
www.bluebeam.com,https://www.bluebeam.com/,https://www.bluebeam.com/,,blocked_or_unavailable,,,,,,,,2026-07-04T18:28:30.977055+00:00,False,,blocked by robots.txt
www.bluebeam.com,https://www.bluebeam.com/product/,https://www.bluebeam.com/product/,,blocked_or_unavailable,,,,,,,,2026-07-04T18:28:30.977055+00:00,False,,blocked by robots.txt
www.bluebeam.com,https://www.bluebeam.com/download/,https://www.bluebeam.com/download/,,blocked_or_unavailable,,,,,,,,2026-07-04T18:28:30.977055+00:00,False,,blocked by robots.txt
www.bluebeam.com,https://www.bluebeam.com/pricing/,https://www.bluebeam.com/pricing/,,blocked_or_unavailable,,,,,,,,2026-07-04T18:28:30.977055+00:00,False,,blocked by robots.txt
support.bluebeam.com,https://support.bluebeam.com/revu/resources/revu-custom-libraries.html,https://support.bluebeam.com/revu/resources/revu-custom-libraries.html,,blocked_or_unavailable,,,,,,,,2026-07-04T18:28:30.977055+00:00,False,,blocked by robots.txt
support.bluebeam.com,https://support.bluebeam.com/revu/features/tool-chest-guide.html,https://support.bluebeam.com/revu/features/tool-chest-guide.html,,blocked_or_unavailable,,,,,,,,2026-07-04T18:28:30.977055+00:00,False,,blocked by robots.txt
support.bluebeam.com,https://support.bluebeam.com/revu/how-to/tips-and-tricks/add-tool-sets-to-pdf-layers.html,https://support.bluebeam.com/revu/how-to/tips-and-tricks/add-tool-sets-to-pdf-layers.html,,blocked_or_unavailable,,,,,,,,2026-07-04T18:28:30.977055+00:00,False,,blocked by robots.txt
university.bluebeam.com,https://university.bluebeam.com/how-to-modify-and-organize-tool-sets,https://university.bluebeam.com/how-to-modify-and-organize-tool-sets/2284988,200,guide,"How to Create, Customize, and Organize Tool Sets","Learn how to create, customize, and organize markup tool sets in Bluebeam Revu for efficient, consistent collaboration in any Studio Session.","How to Create, Customize, and Organize Tool Sets 4 min","How to Create, Customize, and Organize Tool Sets","Learn how to create, customize, and organize markup tool sets in Bluebeam Revu for efficient, consistent collaboration in any Studio Session.",65,en,2026-07-04T18:28:30.977055+00:00,True,,
university.bluebeam.com,https://university.bluebeam.com/how-to-tool-chest,https://university.bluebeam.com/how-to-tool-chest/1743249,200,guide,How to Use the Tool Chest,"Save commonly used markups for easy reuse, and import or share tool sets with project partners.",How to Use the Tool Chest,How to Use the Tool Chest,"Save commonly used markups for easy reuse, and import or share tool sets with project partners.",50,en,2026-07-04T18:28:32.646531+00:00,True,,
markuptoolsets.com,https://markuptoolsets.com/,https://markuptoolsets.com/,200,general,Bluebeam Revu® Tool Sets & Custom Libraries – MarkupToolSets,"Pre-made Bluebeam tool sets to improve your workflow. Library of industry standard tools & symbols. Quick, Easy Download.",Drawing Tool Sets,Country/region | Item added to your cart | You're in Good Company | Tools Tailored to Your Trade | Accelerate Your Workflow,Custom Tools Tailored to Your Trade | Drawing Tool Sets | Takeoff & Estimating Tool Sets,1389,en,2026-07-04T18:28:34.252688+00:00,True,,
markuptoolsets.com,https://markuptoolsets.com/sitemap_agentic_discovery.xml,https://markuptoolsets.com/sitemap_agentic_discovery.xml,200,blocked_or_unavailable,,,,,,,,2026-07-04T18:28:35.325856+00:00,True,,non-html content-type: application/xml; charset=utf-8
markuptoolsets.com,https://markuptoolsets.com/sitemap_products_1.xml?from=9525454471464&to=9836796182824,https://markuptoolsets.com/sitemap_products_1.xml?from=9525454471464&to=9836796182824,200,blocked_or_unavailable,,,,,,,,2026-07-04T18:28:35.450997+00:00,True,,non-html content-type: application/xml; charset=utf-8
markuptoolsets.com,https://markuptoolsets.com/sitemap_pages_1.xml?from=142589362472&to=146555961640,https://markuptoolsets.com/sitemap_pages_1.xml?from=142589362472&to=146555961640,200,blocked_or_unavailable,,,,,,,,2026-07-04T18:28:36.493992+00:00,True,,non-html content-type: application/xml; charset=utf-8
markuptoolsets.com,https://markuptoolsets.com/sitemap_collections_1.xml?from=487233519912&to=492045795624,https://markuptoolsets.com/sitemap_collections_1.xml?from=487233519912&to=492045795624,200,blocked_or_unavailable,,,,,,,,2026-07-04T18:28:37.483036+00:00,True,,non-html content-type: application/xml; charset=utf-8
markuptoolsets.com,https://markuptoolsets.com/sitemap_blogs_1.xml,https://markuptoolsets.com/sitemap_blogs_1.xml,200,blocked_or_unavailable,,,,,,,,2026-07-04T18:28:38.514571+00:00,True,,non-html content-type: application/xml; charset=utf-8
markuptoolsets.com,https://markuptoolsets.com/collections/tool-sets-for-bluebeam-tool-sets,https://markuptoolsets.com/collections/tool-sets-for-bluebeam-tool-sets,200,product,Tool Sets for Bluebeam Revu – MarkupToolSets,,,Country/region | Item added to your cart,"Manual on Uniform Traffic Control Devices (MUTCD) Bluebeam Tool Set | Manual on Uniform Traffic Control Devices (MUTCD) Bluebeam Tool Set | Electrical, Lighting & Telecom Bluebeam Tool Set | Electrical, Lighting & Telecom Bluebeam Tool Set | Architectural Bluebeam Tool Set | Architectural Bluebeam Tool Set | Plumbing and Piping Bluebeam Tool Set | Plumbing and Piping Bluebeam Tool Set | AV System Design & Documentation Bluebeam Tool Set | AV System Design & Documentation Bluebeam Tool Set | Structural Design Bluebeam Tool Set | Structural Design Bluebeam Tool Set | Fire and Emergency Bluebeam Tool Set | Fire and Emergency Bluebeam Tool Set | HVAC Bluebeam Tool Set | HVAC Bluebeam Tool Set | Security Surveillance, Alarm and Access Control Bluebeam Tool Set | Security Surveillance, Alarm and Access Control Bluebeam Tool Set | AV & Control Symbols (ANSI-J-STD-710) Bluebeam Tool Set | AV & Control Symbols (ANSI-J-STD-710) Bluebeam Tool Set",1000,en,2026-07-04T18:28:39.462567+00:00,True,,
markuptoolsets.com,https://markuptoolsets.com/collections/bluebeam-revu-drawing-tool-sets,https://markuptoolsets.com/collections/bluebeam-revu-drawing-tool-sets,200,product,Bluebeam Revu Drawing Tool Sets – MarkupToolSets,"Take control of your design and documentation process with pre-made Bluebeam tool sets. Our tool set libraries feature extensive industry-standard symbols, components, and details allowing you to markup, customize, and coordinate more effectively. Perfect for engineers, architects, designers, and builders alike!",,Country/region | Item added to your cart,"Manual on Uniform Traffic Control Devices (MUTCD) Bluebeam Tool Set | Manual on Uniform Traffic Control Devices (MUTCD) Bluebeam Tool Set | Electrical, Lighting & Telecom Bluebeam Tool Set | Electrical, Lighting & Telecom Bluebeam Tool Set | Architectural Bluebeam Tool Set | Architectural Bluebeam Tool Set | Plumbing and Piping Bluebeam Tool Set | Plumbing and Piping Bluebeam Tool Set | AV System Design & Documentation Bluebeam Tool Set | AV System Design & Documentation Bluebeam Tool Set | Structural Design Bluebeam Tool Set | Structural Design Bluebeam Tool Set | Fire and Emergency Bluebeam Tool Set | Fire and Emergency Bluebeam Tool Set | HVAC Bluebeam Tool Set | HVAC Bluebeam Tool Set | Security Surveillance, Alarm and Access Control Bluebeam Tool Set | Security Surveillance, Alarm and Access Control Bluebeam Tool Set | AV & Control Symbols (ANSI-J-STD-710) Bluebeam Tool Set | AV & Control Symbols (ANSI-J-STD-710) Bluebeam Tool Set",718,en,2026-07-04T18:28:41.157330+00:00,True,,
simpletechresources.com,https://simpletechresources.com/,https://simpletechresources.com/,,blocked_or_unavailable,,,,,,,,2026-07-04T18:28:42.005322+00:00,False,,blocked by robots.txt
simpletechresources.com,https://simpletechresources.com/product/fire-alarm-symbols/,https://simpletechresources.com/product/fire-alarm-symbols/,,blocked_or_unavailable,,,,,,,,2026-07-04T18:28:42.005322+00:00,False,,blocked by robots.txt
simpletechresources.com,https://simpletechresources.com/product/electrical-conduit-tool-set-for-bluebeam/,https://simpletechresources.com/product/electrical-conduit-tool-set-for-bluebeam/,,blocked_or_unavailable,,,,,,,,2026-07-04T18:28:42.005322+00:00,False,,blocked by robots.txt
bim-depot.com,https://bim-depot.com/,https://bim-depot.com/,200,product,"BIM Depot - Revit Templates, Families & Membership","At BIM Depot, we simplify Revit with dynamic families, pre-made standards and full membership to save time, cut costs and support architectural firms. Visit us!",BIM Depot makes Revit simple,"Item added to your cart | Many architectural firms don't have the time to decode Revit's complex interface. | BIM Depot is a framework that helps make Revit simple, saving you time and increasing profit. | FLEXIBLE & DYNAMIC | PRE-MADE STANDARDS | REDUCE OVERHEAD | Featured Products | Subscribe to our emails for a free gift","BIM Depot Revit Membership | BIM Depot Revit Membership | Metal Stud Side - Revit Detail Component Family | Metal Stud Side - Revit Detail Component Family | ADA Clearance | ADA Clearance | Graphic Scale - Revit Annotation Family | Graphic Scale - Revit Annotation Family | Arrow, Type 1 - Revit Detail Component Family | Arrow, Type 1 - Revit Detail Component Family | Wood Stud Detail Component | Wood Stud Detail Component | Break Line - Revit Detail Component Family | Break Line - Revit Detail Component Family | Double Barn Door - Revit Door Family | Double Barn Door - Revit Door Family",461,en,2026-07-04T18:28:42.005322+00:00,True,,
bim-depot.com,https://bim-depot.com/sitemap_products_1.xml?from=8132576116977&to=9344145490161,https://bim-depot.com/sitemap_products_1.xml?from=8132576116977&to=9344145490161,200,blocked_or_unavailable,,,,,,,,2026-07-04T18:28:42.702565+00:00,True,,non-html content-type: application/xml; charset=utf-8
bim-depot.com,https://bim-depot.com/sitemap_collections_1.xml?from=424008909041&to=450404810993,https://bim-depot.com/sitemap_collections_1.xml?from=424008909041&to=450404810993,200,blocked_or_unavailable,,,,,,,,2026-07-04T18:28:43.290785+00:00,True,,non-html content-type: application/xml; charset=utf-8
bim-depot.com,https://bim-depot.com/collections/bluebeam,https://bim-depot.com/collections/bluebeam,200,category,BIM Depot Bluebeam Tools & Membership Access,"Explore Revit tools from BIM Depot and streamline your projects with prebuilt Bluebeam toolsets for plumbing, electrical, telecom, and more. Visit us today!",Bluebeam Toolsets,Item added to your cart | Filter: | Sort by: | 9 products | Filter and sort | Filter | 9 products | Subscribe to our emails for a free gift,Bluebeam Toolset - Steel Wide Flange | Bluebeam Toolset - Steel Wide Flange | Bluebeam Toolset - Doors | Bluebeam Toolset - Doors | Bluebeam Toolset - Steel C-Channel | Bluebeam Toolset - Steel C-Channel | Bluebeam Toolset - Steel Angle | Bluebeam Toolset - Steel Angle | Bluebeam Toolset - Telecom | Bluebeam Toolset - Telecom | Bluebeam Toolset - Plumbing | Bluebeam Toolset - Plumbing | Bluebeam Toolset - Fire Alarm | Bluebeam Toolset - Fire Alarm | Bluebeam Toolset - Mechanical | Bluebeam Toolset - Mechanical | Bluebeam Toolset - Electrical | Bluebeam Toolset - Electrical,783,en,2026-07-04T18:28:44.151907+00:00,True,,
bim-depot.com,https://bim-depot.com/products/bluebeam-toolset-fire-alarm,https://bim-depot.com/products/bluebeam-toolset-fire-alarm,200,product,Bluebeam Toolset Fire Alarm Symbols & Markups - BIM Depot,"Boost efficiency with BIM Depot’s Bluebeam Toolset Fire Alarm, featuring precise symbols and linetypes designed for architects, engineers, and contractors.",Bluebeam Toolset - Fire Alarm,Item added to your cart | Bluebeam Toolset - Fire Alarm | Subscribe to our emails for a free gift,,210,en,2026-07-04T18:28:45.641996+00:00,True,,
bim-depot.com,https://bim-depot.com/products/bluebeam-toolchest-electrical,https://bim-depot.com/products/bluebeam-toolchest-electrical,200,product,Bluebeam Toolset Electrical for Efficient Project Design – BIM Depot,"At BIM Depot, we offer the Bluebeam Toolset Electrical to boost productivity with professional symbols and linetypes for architects, engineers, and contractors.",Bluebeam Toolset - Electrical,Item added to your cart | Bluebeam Toolset - Electrical | Subscribe to our emails for a free gift,,204,en,2026-07-04T18:28:46.389093+00:00,True,,
bbtoolsets.com,https://bbtoolsets.com/,https://bbtoolsets.com/,,blocked_or_unavailable,,,,,,,,2026-07-04T18:28:47.343773+00:00,False,,blocked by robots.txt
bbtoolsets.com,https://bbtoolsets.com/free/,https://bbtoolsets.com/free/,,blocked_or_unavailable,,,,,,,,2026-07-04T18:28:47.343773+00:00,False,,blocked by robots.txt
store.archtoolbox.com,https://store.archtoolbox.com/bbtoolsets/,https://store.archtoolbox.com/bbtoolsets/,200,general,BBToolsets – Bluebeam Tools – Archtoolbox Store,,BBToolsets - Bluebeam Tools,,About Archtoolbox | Archtoolbox Store,132,en,2026-07-04T18:28:47.343773+00:00,True,,
store.archtoolbox.com,https://store.archtoolbox.com/wp-sitemap-posts-post-1.xml,https://store.archtoolbox.com/wp-sitemap-posts-post-1.xml,200,blocked_or_unavailable,,,,,,,,2026-07-04T18:28:48.244523+00:00,True,,non-html content-type: application/xml; charset=utf-8
store.archtoolbox.com,https://store.archtoolbox.com/wp-sitemap-posts-page-1.xml,https://store.archtoolbox.com/wp-sitemap-posts-page-1.xml,200,blocked_or_unavailable,,,,,,,,2026-07-04T18:28:48.999958+00:00,True,,non-html content-type: application/xml; charset=utf-8
store.archtoolbox.com,https://store.archtoolbox.com/wp-sitemap-posts-download-1.xml,https://store.archtoolbox.com/wp-sitemap-posts-download-1.xml,200,blocked_or_unavailable,,,,,,,,2026-07-04T18:28:49.712810+00:00,True,,non-html content-type: application/xml; charset=utf-8
store.archtoolbox.com,https://store.archtoolbox.com/wp-sitemap-taxonomies-category-1.xml,https://store.archtoolbox.com/wp-sitemap-taxonomies-category-1.xml,200,blocked_or_unavailable,,,,,,,,2026-07-04T18:28:50.742378+00:00,True,,non-html content-type: application/xml; charset=utf-8
zentekconsultants.net,https://zentekconsultants.net/zentek-revu-tools/,https://zentekconsultants.net/zentek-revu-tools/,200,general,ZenTek Revu Tools | Bluebeam Tool Sets | ZenTek Consultants,"Custom Bluebeam tool sets built by industry experts. Get help with Bluebeam, customize tools, and improve workflows with ZenTek Revu Tools, our pre-built Bluebeam tools.",ZenTek Revu Tools: Custom Bluebeam Tools for Smarter Workflows,,SIGN IN YOUR ACCOUNT TO HAVE ACCESS TO DIFFERENT FEATURES | FORGOT YOUR DETAILS? | ZenTek Revu Tool Set: Concrete | ZenTek Revu Tool Set: Electrical | ZenTek Revu Tool Set: Exteriors | ZenTek Revu Tool Set: Fire Suppression | ZenTek Revu Tool Set: General Contractors | ZenTek Revu Tool Set: Interiors | ZenTek Revu Tool Set: Landscaping | ZenTek Revu Tool Set: Plumbing | ZenTek Revu Tool Set: Sitework | ZenTek Revu Tool Set: Structural | Partnering with,2685,en,2026-07-04T18:28:51.947882+00:00,True,,
uchapter2.com,https://uchapter2.com/free-bluebeam-revu-toolsets/,https://uchapter2.com/free-bluebeam-revu-toolsets/,,blocked_or_unavailable,,,,,,,,2026-07-04T18:28:52.866883+00:00,False,,blocked by robots.txt
uchapter2.com,https://uchapter2.com/resources/free-downloads/bluebeam-tool-sets/,https://uchapter2.com/resources/free-downloads/bluebeam-tool-sets/,,blocked_or_unavailable,,,,,,,,2026-07-04T18:28:52.866883+00:00,False,,blocked by robots.txt
www.reddit.com,https://www.reddit.com/r/Revu/comments/uj3rk5/free_bluebeam_toolsets/,https://www.reddit.com/r/Revu/comments/uj3rk5/free_bluebeam_toolsets/,,blocked_or_unavailable,,,,,,,,2026-07-04T18:28:52.866883+00:00,False,,blocked by robots.txt
www.reddit.com,https://www.reddit.com/r/firealarms/comments/1oid6ce/bluebeam_tool_kits/,https://www.reddit.com/r/firealarms/comments/1oid6ce/bluebeam_tool_kits/,,blocked_or_unavailable,,,,,,,,2026-07-04T18:28:52.866883+00:00,False,,blocked by robots.txt
community.bluebeam.com,https://community.bluebeam.com/discussion/6046/fire-alarm-markups-for-tool-chests,https://community.bluebeam.com/discussion/6046/fire-alarm-markups-for-tool-chests,,blocked_or_unavailable,,,,,,,,2026-07-04T18:28:52.866883+00:00,False,,blocked by robots.txt
community.bluebeam.com,https://community.bluebeam.com/discussion/6140/tool-sets,https://community.bluebeam.com/discussion/6140/tool-sets,,blocked_or_unavailable,,,,,,,,2026-07-04T18:28:52.866883+00:00,False,,blocked by robots.txt
community.bluebeam.com,https://community.bluebeam.com/discussion/4622/tool-chest-tool-sets,https://community.bluebeam.com/discussion/4622/tool-chest-tool-sets,,blocked_or_unavailable,,,,,,,,2026-07-04T18:28:52.866883+00:00,False,,blocked by robots.txt
www.etsy.com,https://www.etsy.com/market/bluebeam_toolsets,https://www.etsy.com/market/bluebeam_toolsets,403,category,etsy.com,,,,,9,en,2026-07-04T18:28:52.866883+00:00,True,,
www.etsy.com,https://www.etsy.com/market/bluebeam_tool_sets,https://www.etsy.com/market/bluebeam_tool_sets,403,category,etsy.com,,,,,9,en,2026-07-04T18:28:53.033352+00:00,True,,
www.etsy.com,https://www.etsy.com/market/bluebeam_revu,https://www.etsy.com/market/bluebeam_revu,403,category,etsy.com,,,,,9,en,2026-07-04T18:28:53.924486+00:00,True,,
www.etsy.com,https://www.etsy.com/market/bluebeam_toolbox,https://www.etsy.com/market/bluebeam_toolbox,403,category,etsy.com,,,,,9,en,2026-07-04T18:28:54.918339+00:00,True,,
www.axis.com,https://www.axis.com/support/tools/axis-tool-set-for-bluebeam-revu,https://www.axis.com/support/tools/axis-tool-set-for-bluebeam-revu,200,general,AXIS Tool Set for Bluebeam® Revu® | Axis Communications,2D camera visualization for professionals,AXIS Tool Set for Bluebeam® Revu®,Easy integration into your Bluebleam® application | Chose the right coverage | Compatible products | Download | Support and resources | Footer menu | Social menu | Legal menu,Box cameras | Bullet cameras | Dome cameras | Explosion-protected cameras | Modular cameras | Onboard cameras | PTZ cameras | Panoramic cameras | Positioning cameras | Radar devices | Thermal cameras | AXIS Tool Set for Bluebeam® Revu® (November 2025) | Supporting documents | Technical support,2638,en,2026-07-04T18:28:55.919786+00:00,True,,
www.axis.com,https://www.axis.com/products/axis-tool-set-for-bluebeamr-revur/support,https://www.axis.com/products/axis-tool-set-for-bluebeamr-revur/support,200,product,AXIS Tool Set for Bluebeam® Revu® - Product support | Axis Communications,"Product support for AXIS Tool Set for Bluebeam® Revu®. Where applicable: find software, firmware, manuals, datasheets, technical specifications and other resources here.",Product support for AXIS Tool Set for Bluebeam® Revu®,Download | Documentation | Compatible products | Footer menu | Social menu | Legal menu,AXIS Tool Set for Bluebeam® Revu® (November 2025) | Box cameras | Bullet cameras | Dome cameras | Explosion-protected cameras | Modular cameras | Onboard cameras | PTZ cameras | Panoramic cameras | Positioning cameras | Radar devices | Thermal cameras,2348,en,2026-07-04T18:28:56.488426+00:00,True,,
www.avigilon.com,https://www.avigilon.com/bluebeamrevu,https://www.avigilon.com/bluebeamrevu,200,general,Motorola Solutions Tool Chest for Bluebeam Revu,"Discover the Motorola Solutions Tool Chest for Bluebeam Revu. Visualize your security designs, generate accurate BOMs, estimate your projects and collaborate withâ¦",Motorola Solutions Tool Chest for Bluebeam Revu,Accelerate your security design process | Get started designing your security systems | Have questions? We can help,Elevate your designs,1673,en,2026-07-04T18:28:57.442074+00:00,True,,
www.avigilon.com,https://www.avigilon.com/sitemaps-2-section-products-1-sitemap.xml,https://www.avigilon.com/sitemaps-2-section-products-1-sitemap.xml,200,blocked_or_unavailable,,,,,,,,2026-07-04T18:28:58.263231+00:00,True,,non-html content-type: text/xml; charset=utf-8
www.pelco.com,https://www.pelco.com/bluebeamrevu,https://www.pelco.com/bluebeamrevu,200,guide,Motorola Solutions Bluebeam Revu Tool Chest,"Discover the Motorola Solutions add on for Bluebeam Revu. Visualize your security designs, generate accurate BOMs and estimates and collaborate with your teams.",Motorola Solutions Tool Chest for Bluebeam Revu,Accelerate your security design process | Get the Tool Chest | Get started designing your security systems,Elevate your designs,1262,en,2026-07-04T18:28:58.764475+00:00,True,,
www.pelco.com,https://www.pelco.com/sitemaps-1-section-products-1-sitemap.xml,https://www.pelco.com/sitemaps-1-section-products-1-sitemap.xml,200,blocked_or_unavailable,,,,,,,,2026-07-04T18:28:59.409195+00:00,True,,non-html content-type: text/xml; charset=utf-8
www.hanwhavision.com,https://www.hanwhavision.com/support/tools/bluebeam-revu-profiles,https://www.hanwhavision.com/uk/support/tools/bluebeam-revu-profiles,200,general,Bluebeam Revu Profiles | Hanwha Vision,Download Hanwha Vision Bluebeam Revu profiles for streamlined security system documentation and project management.,,,,9,en,2026-07-04T18:29:00.042154+00:00,True,,
www.hanwhavision.com,https://www.hanwhavision.com/sitemap/products.xml,https://www.hanwhavision.com/sitemap/products.xml,200,blocked_or_unavailable,,,,,,,,2026-07-04T18:29:03.245593+00:00,True,,non-html content-type: application/xml; charset=utf-8
hanwhavisionamerica.com,https://hanwhavisionamerica.com/bluebeam-revu-profiles/,https://www.hanwhavision.com/us/support/tools/bluebeam-revu-profiles,200,general,Bluebeam Revu Profiles | Hanwha Vision,Download Hanwha Vision Bluebeam Revu profiles for streamlined security system documentation and project management.,,,,9,en,2026-07-04T18:29:11.958090+00:00,True,,
hanwhavisionamerica.com,https://hanwhavisionamerica.com/sitemap/products.xml,https://hanwhavisionamerica.com/sitemap/products.xml,200,blocked_or_unavailable,,,,,,,,2026-07-04T18:29:16.104699+00:00,True,,non-html content-type: application/xml; charset=utf-8
sensorworx.com,https://sensorworx.com/design-tools/,https://www.sensorworx.com/design-tools/,200,general,Design Tools - SENSORWORX,,How Can We Help?,About | Support | IECC Guides | ASHRAE Guides | NECB Guides | FBC Guides | NYCECC Guides | WSEC & SEC Guides,,759,en,2026-07-04T18:29:24.306640+00:00,True,,
solidcad.ca,https://solidcad.ca/an-electricians-4-favorite-bluebeam-revu-features/,https://solidcad.ca/an-electricians-4-favorite-bluebeam-revu-features/,,blocked_or_unavailable,,,,,,,,2026-07-04T18:29:29.900836+00:00,False,,blocked by robots.txt
solidcad.ca,https://solidcad.ca/working-with-the-bluebeam-tool-chest/,https://solidcad.ca/working-with-the-bluebeam-tool-chest/,,blocked_or_unavailable,,,,,,,,2026-07-04T18:29:29.900836+00:00,False,,blocked by robots.txt
www.cadgroup.com.au,https://www.cadgroup.com.au/knowledge-base/adding-industry-specific-tool-sets-revu/,https://www.cadgroup.com.au/knowledge-base/adding-industry-specific-tool-sets-revu/,200,guide,Adding Industry Specific Tool Sets into Bluebeam Revu – Cadgroup,,Adding Industry Specific Tool Sets into Bluebeam Revu,"getmilk | Architecture , Bluebeam , Knowledge Base , Products | Latest Posts",,645,en,2026-07-04T18:29:29.900836+00:00,True,,
microcad3d.com,https://microcad3d.com/maximize-efficiency-electrician-bluebeam/,https://microcad3d.com/maximize-efficiency-electrician-bluebeam/,,blocked_or_unavailable,,,,,,,,2026-07-04T18:29:32.027624+00:00,False,,blocked by robots.txt
university.bluebeam.com,https://university.bluebeam.com/,https://university.bluebeam.com/,200,guide,Home | Bluebeam University,Learn to Bluebeam like a pro with Bluebeam University,,,,8658,en,2026-07-04T18:29:32.027624+00:00,True,,
university.bluebeam.com,https://university.bluebeam.com/how-to-modify-and-organize-tool-sets/2284988,https://university.bluebeam.com/how-to-modify-and-organize-tool-sets/2284988,200,guide,"How to Create, Customize, and Organize Tool Sets","Learn how to create, customize, and organize markup tool sets in Bluebeam Revu for efficient, consistent collaboration in any Studio Session.","How to Create, Customize, and Organize Tool Sets 4 min","How to Create, Customize, and Organize Tool Sets","Learn how to create, customize, and organize markup tool sets in Bluebeam Revu for efficient, consistent collaboration in any Studio Session.",65,en,2026-07-04T18:29:34.310418+00:00,True,https://university.bluebeam.com/how-to-modify-and-organize-tool-sets,canonical duplicate of https://university.bluebeam.com/how-to-modify-and-organize-tool-sets
university.bluebeam.com,https://university.bluebeam.com/how-to-tool-chest/1743249,https://university.bluebeam.com/how-to-tool-chest/1743249,200,guide,How to Use the Tool Chest,"Save commonly used markups for easy reuse, and import or share tool sets with project partners.",How to Use the Tool Chest,How to Use the Tool Chest,"Save commonly used markups for easy reuse, and import or share tool sets with project partners.",50,en,2026-07-04T18:29:34.949088+00:00,True,https://university.bluebeam.com/how-to-tool-chest,canonical duplicate of https://university.bluebeam.com/how-to-tool-chest
bim-depot.com,https://bim-depot.com/collections/best-selling,https://bim-depot.com/collections/best-selling,200,category,Best Selling – BIM Depot,"Shop BIM Depot’s Best Selling collection – top-rated BIM tools and digital assets trusted by professionals for quality, efficiency, and innovation.",Collection: Best Selling,Item added to your cart | Filter: | Sort by: | 110 products | Filter and sort | Filter | 110 products | Subscribe to our emails for a free gift,"BIM Depot Revit Membership | BIM Depot Revit Membership | Metal Stud Side - Revit Detail Component Family | Metal Stud Side - Revit Detail Component Family | ADA Clearance | ADA Clearance | Graphic Scale - Revit Annotation Family | Graphic Scale - Revit Annotation Family | Exclusive Members Only Asset | Arrow, Type 1 - Revit Detail Component Family | Arrow, Type 1 - Revit Detail Component Family | Wood Stud Detail Component | Wood Stud Detail Component | Break Line - Revit Detail Component Family | Break Line - Revit Detail Component Family | Exclusive Members Only Asset | Double Barn Door - Revit Door Family | Double Barn Door - Revit Door Family | Exclusive Members Only Asset | Arrow, Type 2 - Revit Detail Component Family",1535,en,2026-07-04T18:29:35.987200+00:00,True,,
bim-depot.com,https://bim-depot.com/collections/membership,https://bim-depot.com/collections/membership,200,product,Membership – BIM Depot,"Join BIM Depot Membership for exclusive BIM tools, discounts, and premium resources trusted by architects, engineers, and design professionals.",Collection: Membership,Item added to your cart | Filter: | Sort by: | 1 product | Filter and sort | Filter | 1 product | Subscribe to our emails for a free gift,BIM Depot Revit Membership | BIM Depot Revit Membership,251,en,2026-07-04T18:29:36.804632+00:00,True,,
store.archtoolbox.com,https://store.archtoolbox.com,https://store.archtoolbox.com/,200,guide,Archtoolbox Store – Shop for Tools and Resources for Architects and Interior Designers,,,"Career Advancement for Architects, Interior Designers, and Engineers",Guide to Negotiating a Salary Increase | Guide to Developing a Fee for Architectural Services | BBToolsets - Bluebeam Tools | About Archtoolbox | Archtoolbox Store,186,en,2026-07-04T18:29:37.308622+00:00,True,,
store.archtoolbox.com,https://store.archtoolbox.com/customers,https://store.archtoolbox.com/customers/,200,general,Customer Login – Archtoolbox Store,,Customer Login,,About Archtoolbox | Archtoolbox Store,124,en,2026-07-04T18:29:38.184986+00:00,True,,
store.archtoolbox.com,https://store.archtoolbox.com/licenses/,https://store.archtoolbox.com/licenses/,200,download/free,Licenses – Archtoolbox Store,,Licenses,,About Archtoolbox | Archtoolbox Store,150,en,2026-07-04T18:29:39.121572+00:00,True,,
zentekconsultants.net,https://zentekconsultants.net/bluebeam-max/,https://zentekconsultants.net/bluebeam-max/,200,general,Bluebeam Max | AI Tools | ZenTek Consultants,Enhance accuracy and speed in your projects with Bluebeam Max. Automate tasks and resolve issues early using AI technology.,Bluebeam Max: Supercharge Your Revu,Get Bluebeam Max Today | Elevate your AEC processes and project outcomes | Bluebeam Revu Plans,SIGN IN YOUR ACCOUNT TO HAVE ACCESS TO DIFFERENT FEATURES | FORGOT YOUR DETAILS? | Automate the busy work | Catch problems before they become financial liabilities | Connect 2D markups to 3D BIM | Partnering with,1352,en,2026-07-04T18:29:39.697854+00:00,True,,
zentekconsultants.net,https://zentekconsultants.net/bluebeam-revu-online-courses/,https://zentekconsultants.net/bluebeam-revu-online-courses/,200,general,Bluebeam Revu Training Courses Online | ZenTek Consultants,"ZenTek Consultants offers Bluebeam Revu online courses for construction and AEC professionals. Improve project workflows, collaboration, and efficiency with expert training.",Bluebeam Revu Training - Live Online Training Courses,Bluebeam Revu Training - On-Demand Courses | Upcoming Bluebeam Revu Courses,SIGN IN YOUR ACCOUNT TO HAVE ACCESS TO DIFFERENT FEATURES | FORGOT YOUR DETAILS? | Bluebeam Revu 21 for Beginners | Bluebeam Revu 20 for Beginners | Bluebeam Revu 2018 for Beginners | Bluebeam Revu 2017 for Beginners | Bluebeam Revu 21 for Takeoff & Estimating | Bluebeam Revu 20 for Takeoff & Estimating | Bluebeam Revu 2019 for Takeoff & Estimating | Bluebeam Revu 2018 for Takeoff & Estimating | Bluebeam Revu for Power Users | Bluebeam Revu Advanced Customization | Using Bluebeam Studio in the AEC World | Bluebeam Revu for Electrical | Bluebeam Revu for Site and Civil Projects | Standardized Construction Control Processes for Bluebeam | Practical Construction Use of Bluebeam Revu | Bluebeam Revu for Office Administrators | Bluebeam Revu for Project Management | Real World Use of Bluebeam Revu I,1906,en,2026-07-04T18:29:40.575576+00:00,True,,
zentekconsultants.net,https://zentekconsultants.net/bluebeam-revu/,https://zentekconsultants.net/bluebeam-revu/,200,general,Bluebeam Revu | ZenTek Consultants,"Bluebeam Revu streamlines PDF markup, measurement, and collaboration for design and construction teams. ZenTek offers training and support.",Bluebeam Revu Software,Bluebeam Revu | Leasing is Available | FAQs About Buying Bluebeam Revu,SIGN IN YOUR ACCOUNT TO HAVE ACCESS TO DIFFERENT FEATURES | FORGOT YOUR DETAILS? | Kickstart Your Bluebeam Revu Journey Today | What You Can Do with Bluebeam Revu | Schedule a Demo | Try Bluebeam Revu | TEK Bloks | ZenTek Revu Tools | ZenEstimate Steel | ZenEstimate HVAC | General Contractor | Subcontractor | Architect | Engineer | Public Sector | Oil & Gas | Partnering with,4654,en,2026-07-04T18:29:41.543080+00:00,True,,
zentekconsultants.net,https://zentekconsultants.net/bluebeam-tool-chest-customization-services,https://zentekconsultants.net/bluebeam-tool-chest-customization-services/,200,general,Custom Bluebeam Revu Tool Sets & Chests | ZenTek Consultants,"Do you struggle to get consistent, reliable, and repeatable quantity takeoff output from your Bluebeam software? ZenTek Consultants can help.",Bluebeam Revu Custom Tools and Microsoft Excel Quantity Linking,Bluebeam Revu Custom Tools and Microsoft Excel Quantity Linking,SIGN IN YOUR ACCOUNT TO HAVE ACCESS TO DIFFERENT FEATURES | FORGOT YOUR DETAILS? | Maximize Efficiency with Custom Bluebeam Tool Sets | Why Choose ZenTek for Bluebeam Customization? | Not Sure Which Customization Service You Need? | Partnering with,2644,en,2026-07-04T18:29:42.474257+00:00,True,,
zentekconsultants.net,https://zentekconsultants.net/bluebeam-tool-chest-customization-services/,https://zentekconsultants.net/bluebeam-tool-chest-customization-services/,200,general,Custom Bluebeam Revu Tool Sets & Chests | ZenTek Consultants,"Do you struggle to get consistent, reliable, and repeatable quantity takeoff output from your Bluebeam software? ZenTek Consultants can help.",Bluebeam Revu Custom Tools and Microsoft Excel Quantity Linking,Bluebeam Revu Custom Tools and Microsoft Excel Quantity Linking,SIGN IN YOUR ACCOUNT TO HAVE ACCESS TO DIFFERENT FEATURES | FORGOT YOUR DETAILS? | Maximize Efficiency with Custom Bluebeam Tool Sets | Why Choose ZenTek for Bluebeam Customization? | Not Sure Which Customization Service You Need? | Partnering with,2644,en,2026-07-04T18:29:44.055294+00:00,True,https://zentekconsultants.net/bluebeam-tool-chest-customization-services,canonical duplicate of https://zentekconsultants.net/bluebeam-tool-chest-customization-services
zentekconsultants.net,https://zentekconsultants.net/cad-data-integration-symbology-services/,https://zentekconsultants.net/cad-data-integration-symbology-services/,200,general,CAD Data Integration & Symbology Services | ZenTek Consultants,"Connect your CAD drawings to project platforms with custom symbology, metadata, and data integrations. ZenTek Consultants improves CAD accuracy and workflow efficiency.",CAD Data Integration & Symbology Services,CAD Data Integration & Symbology Services,SIGN IN YOUR ACCOUNT TO HAVE ACCESS TO DIFFERENT FEATURES | FORGOT YOUR DETAILS? | Benefits of Integrating CAD with Your Workflows | Let’s Make Your CAD Smarter | Partnering with,1565,en,2026-07-04T18:29:45.021456+00:00,True,,
zentekconsultants.net,https://zentekconsultants.net/drafting-support-for-everyone-cad-zentek-consultants/,https://zentekconsultants.net/drafting-support-for-everyone-cad-zentek-consultants/,200,general,CAD Drafting Services & Support | ZenTek Consultants,"Need CAD drafting support services for as-builts, shop drawings, or detailing? ZenTek Consultants delivers expert CAD drafting services with fast, reliable results.",CAD & Drafting Support,CAD & Drafting Support,SIGN IN YOUR ACCOUNT TO HAVE ACCESS TO DIFFERENT FEATURES | FORGOT YOUR DETAILS? | Partnering with,1695,en,2026-07-04T18:29:46.470009+00:00,True,,
www.axis.com,https://www.axis.com/learning/technical-guides,https://www.axis.com/learning/technical-guides,200,guide,Technical guides | Axis Communications,Axis technical guides are comprehensive sets of resources offering a complete overview of network video surveillance and network audio.,Technical guides,​​​​​​​​​Technical guide to network video | Technical guide to network audio | Footer menu | Social menu | Legal menu,,1622,en,2026-07-04T18:29:47.945036+00:00,True,,
www.axis.com,https://www.axis.com/products,https://www.axis.com/products,200,general,Products | Axis Communications,"Choose from our wide range of open-platform IP-based products for video surveillance, analytics, access control, ​intercoms and audio systems.",Products,Cross-category collections | New products | Related resources | Solutions by technology | Solutions by application | Customer stories | Footer menu | Social menu | Legal menu,Product categories | Latest product launches,1974,en,2026-07-04T18:29:48.510682+00:00,True,,
www.axis.com,https://www.axis.com/products/access-control,https://www.axis.com/products/access-control,200,product,Access control | Axis Communications,"Flexible, scalable security tailored to every entrance Axis offers a broad range of scalable access control solutions, including management software, door controllers, readers, and I/O modules—suitable for both small and large sites, whether needs are simple or complex.",Access control,"A complete end‑to‑end access control system | Centralized multi‑door control | Flexible, secure entry at every access point | Access control that scales with your business | Compare products to find your perfect match | Footer menu | Social menu | Legal menu",Collections within ACCESS CONTROL | Partner solutions within ACCESS CONTROL,2074,en,2026-07-04T18:29:49.542507+00:00,True,,
www.axis.com,https://www.axis.com/products/accessories,https://www.axis.com/products/accessories,200,product,Accessories | Axis Communications,"Everything you need to complete your systems We offer a complete range of high-quality accessories to complement your network video, audio, access control, and intercom systems.",Accessories,Find a compatible accessory | Footer menu | Social menu | Legal menu,Collections within ACCESSORIES,1666,en,2026-07-04T18:29:50.451948+00:00,True,,
www.axis.com,https://www.axis.com/products/axis-device-manager-extend,https://www.axis.com/products/axis-device-manager-extend,200,product,AXIS Device Manager Extend | Axis Communications,Scalable device management from anywhere,AXIS Device Manager Extend,Stay in control | Convenient and scalable | Good for your business | Explore our other device management software | AXIS Device Manager | AXIS Device Manager Edge | License information | Manage your license | Purchase license | Patches and updates | Cybersecurity protection | Compatible products | How to buy | Download | Support and resources | Footer menu | Social menu | Legal menu,Related links | Audio/visual alerters | Box cameras | Bullet cameras | Dome cameras | Environmental sensors | Explosion-protected cameras | I/O devices | Install and manage | Modular cameras | Network intercoms | Network speakers | Network video recorders | Onboard cameras | PTZ cameras | Paging microphones | Panoramic cameras | Positioning cameras | Radar devices | System devices for Network Audio,3885,en,2026-07-04T18:29:51.450412+00:00,True,,
www.axis.com,https://www.axis.com/products/axis-m1055-l,https://www.axis.com/products/axis-m1055-l,200,product,AXIS M1055-L Box Camera | Axis Communications,"Ideal for small stores and residential care, this compact, easy-to-install camera offers great image quality. It supports advanced analytics based on deep learning on the edge.",AXIS M1055-L Box Camera,Ensure privacy and security | Great image quality | Extended possibilities | Technical specifications | Compare products to find your perfect match | Analytics | Accessories | Discontinued products | How to buy | Support and resources | Footer menu | Social menu | Legal menu,Included | Cables & connectors | Edge storage | Environmental sensors | Illuminators | Media converters | Mounts | Portcast devices | Power | Switches | Tools & extras | Video decoders | Edge storage | Media converters | Power | Video decoders | Want to buy Axis products? | Want to sell Axis products? | Become a partner | Part number for ordering,3103,en,2026-07-04T18:29:52.628531+00:00,True,,
www.avigilon.com,https://www.avigilon.com/ar/bluebeamrevu,https://www.avigilon.com/ar/bluebeamrevu,200,general,Motorola Solutions Tool Chest for Bluebeam Revu,Ø§ÙØªØ´Ù Motorola Solutions Tool Chest for Bluebeam Revu. ØªØµÙÙØ± ØªØµØ§Ù ÙÙ Ø§ÙØ£Ù Ø§Ù Ø§ÙØ®Ø§ØµØ© Ø¨ÙØ ÙØ£ÙØ´Ø¦ ÙÙØ§Ø¦Ù ØªØ¬Ù ÙØ¹ Ø¯ÙÙÙØ© ÙÙÙØ§Ø¦Ù Ø§ÙÙ ÙØ§Ø¯Ø ÙÙØ¯ÙØ± Ù Ø´Ø§Ø±ÙØ¹Ù ÙØªØ¹Ø§ÙÙ Ù Ø¹ ÙØ±ÙÙ.,Motorola Solutions Tool Chest for Bluebeam Revu,ØªØ³Ø±ÙØ¹ Ø¹Ù ÙÙØ© ØªØµÙ ÙÙ Ø§ÙØ£Ù Ø§Ù | Ø§Ø¨Ø¯Ø£ ÙÙ ØªØµÙ ÙÙ Ø£ÙØ¸Ù Ø© Ø§ÙØ£Ù Ø§Ù Ø§ÙØ®Ø§ØµØ© Ø¨Ù | ÙÙ ÙØ¯ÙÙ Ø£Ø³Ø¦ÙØ©Ø ÙÙ ÙÙÙØ§ Ø§ÙÙ Ø³Ø§Ø¹Ø¯Ø©,Ø§Ø±ØªÙÙ Ø¨ØªØµÙ ÙÙ Ø§ØªÙ,2073,en,2026-07-04T18:29:53.986806+00:00,True,,
www.avigilon.com,https://www.avigilon.com/blog/vape-detectors-guide,https://www.avigilon.com/blog/vape-detectors-guide,200,guide,Vape Detectors and Sensors: Everything You Need to Know,"Learn about vape detectors, including installation tips and industry benefits. Choose the right vape sensors and alarms for health and safety.","Complete guide to vape detectors, sensors and alarms",What are vape detectors? | How do vape detectors work? | The sensitivity and accuracy of vape smoke detectors | Vape detector vs smoke detectors: whatâs the difference? | Why is vape detection harder than smoke detection? | Industries that benefit from vape detection systems | What to look for in a vape detector | Tips for developing an effective vape detection solution | Key takeaways | FAQs | Have questions? We can help,"Trusted by 100,000+ organizations globally | Vape alarm sensitivity | Vape detector accuracy | Halo: The all-in-one vape detector | Commercial businesses | Educational facilities | Residential properties | Healthcare institutions | Public environments | 1 . Power source availability | 2 . False positive avoidance | 3 . Vandalism concerns | 4 . Necessary coverage | 5 . Integration considerations",4826,en,2026-07-04T18:29:54.835073+00:00,True,,
www.avigilon.com,https://www.avigilon.com/br/bluebeamrevu,https://www.avigilon.com/br/bluebeamrevu,200,general,Motorola Solutions Tool Chest for Bluebeam Revu,"Motorola Solutions Tool Chest for Bluebeam Revu. Visualize projetos de seguranÃ§a, gere listas tÃ©cnicas precisas, estime projetos e colabore com equipes.",Motorola Solutions Tool Chest for Bluebeam Revu,Acelere seu processo de design de seguranÃ§a | Comece a projetar seus sistemas de seguranÃ§a | Tem dÃºvidas? NÃ³s podemos ajudar.,Eleve seus projetos,1844,en,2026-07-04T18:29:56.573406+00:00,True,,
www.avigilon.com,https://www.avigilon.com/de/bluebeamrevu,https://www.avigilon.com/de/bluebeamrevu,200,general,Motorola Solutions Tool Chest fÃ¼r Bluebeam Revu,"Motorola Solutions Tool Chest fÃ¼r Bluebeam Revu â SicherheitsentwÃ¼rfe visualisieren, genaue StÃ¼cklisten erstellen, Projekte schÃ¤tzen, mit Teams arbeiten",Motorola Solutions Tool Chest fÃ¼r Bluebeam Revu,Beschleunigen Sie Ihren Sicherheitsplanungsprozess | Erste Schritte beim Entwurf Ihrer Sicherheitssysteme | Haben Sie Fragen? Wir kÃ¶nnen helfen.,Verbessern Sie Ihre EntwÃ¼rfe,1290,en,2026-07-04T18:29:57.811192+00:00,True,,
www.avigilon.com,https://www.avigilon.com/design-tools,https://www.avigilon.com/design-tools,200,general,Design Your System | Avigilon,"Utilize our design tools and System Surveyor integration to streamline your security system planning, design and execution.",Design your Avigilon system with precision,Precision tools for every project | No results | Have questions? We can help,System Design Tool | Camera Configuration Tool | System Surveyor,1755,en,2026-07-04T18:29:58.972772+00:00,True,,
www.avigilon.com,https://www.avigilon.com/discontinued-products,https://www.avigilon.com/discontinued-products,200,general,Discontinued Products - Avigilon,,Discontinued products,No results | Cameras & Sensors | Video Infrastructure | Software | Have questions? We can help,,1639,en,2026-07-04T18:29:59.745741+00:00,True,,
www.pelco.com,https://www.pelco.com/ar/bluebeamrevu,https://www.pelco.com/ar/bluebeamrevu,200,general,ØµÙØ¯ÙÙ Ø£Ø¯ÙØ§Øª Ø¨Ø±ÙØ§Ù Ø¬ Bluebeam Revu Ù Ù Motorola Solutions,Ø§ÙØªØ´Ù Ø§ÙØ¥Ø¶Ø§ÙØ§Øª Ø§ÙØªÙ ØªÙØ¯Ù ÙØ§ Motorola Solutions ÙØ¨Ø±ÙØ§Ù Ø¬ Bluebeam Revu. Ø§Ø¨ØªÙØ± ØªØµÙØ±ÙØ§ ÙØªØµØ§Ù ÙÙ Ù Ø§ÙØ£Ù ÙÙØ©Ø ÙØ£ÙØ´Ø¦ ÙÙØ§Ø¦Ù Ø¯ÙÙÙØ© Ø¨Ø§ÙÙ ÙØ§Ø¯ ÙØ§ÙØªÙØ¯ÙØ±Ø§ØªØ ÙØªØ¹Ø§ÙÙ Ù Ø¹ ÙØ±ÙÙ.,ØµÙØ¯ÙÙ Ø£Ø¯ÙØ§Øª Ø¨Ø±ÙØ§Ù Ø¬ Bluebeam Revu Ù Ù Motorola Solutions,ØªØ³Ø±ÙØ¹ Ø¹Ù ÙÙØ© Ø§ÙØªØµÙ ÙÙ Ø§ÙØ£Ù ÙÙØ© ÙØ¯ÙÙ | Ø§ÙØ¨Ø¯Ø¡ ÙÙ ØªØµÙ ÙÙ Ø£ÙØ¸Ù Ø© Ø§ÙØ£Ù Ù Ø§ÙØªÙ ØªÙØ§Ø³Ø¨Ù.,Ø§Ø±ØªÙÙ Ø¨ØªØµØ§Ù ÙÙ Ù,1571,en,2026-07-04T18:30:00.897738+00:00,True,,
www.pelco.com,https://www.pelco.com/blog/physical-security-guide,https://www.pelco.com/blog/physical-security-guide,200,guide,"What is Physical Security? Policies, Measures & Examples",Understand the definition of physical security and types of physical security controls and standards. Reduce physical security threats with our guide.,"Guide to physical security controls, planning, policies and measures","Trusted by 100 , 000 + organizations across the globe | What is physical security? | Common physical security threats, vulnerabilities and risks | Physical security measures and methods | Physical security control technology | Methods to identify physical security threats | Examples of physical security challenges | Physical security planning | Final thoughts on physical security | Have questions? We can help",Get your free physical security guide | Levels of physical security | Video security | Find the right physical security solutions | Access control | Analytics and artificial intelligence | Sensor technology | 1 . Conducting a risk assessment | 2 . Review your operations and resources | 3 . Commercial and operational approval | 4 . Implementing physical security policies and setup | 5 . Physical security best practices,5907,en,2026-07-04T18:30:01.578148+00:00,True,,
www.pelco.com,https://www.pelco.com/br/bluebeamrevu,https://www.pelco.com/br/bluebeamrevu,200,general,Motorola Solutions Tool Chest para Bluebeam Revu,"Com a Motorola Solutions para o Bluebeam Revu visualize projetos de seguranÃ§a, gere listas tÃ©cnicas e estimativas precisas e colabore com sua equipe.",Motorola Solutions Tool Chest para Bluebeam Revu,Acelere seu processo de design de seguranÃ§a | Obtenha a caixa de ferramentas | Comece a projetar seus sistemas de seguranÃ§a,Eleve seus designs,1280,en,2026-07-04T18:30:02.468633+00:00,True,,
www.pelco.com,https://www.pelco.com/es/bluebeamrevu,https://www.pelco.com/es/bluebeamrevu,200,general,Tool Chest de Motorola Solutions para Bluebeam Revu,"Descubra el complemento de Motorola Solutions para Bluebeam Revu. Vea sus diseÃ±os de seguridad, genere listas de materiales y presupuestos, y trabaje en equipo.",Tool Chest de Motorola Solutions para Bluebeam Revu,Acelere su proceso de diseÃ±o de seguridad | Obtenga el Tool Chest | Empiece a diseÃ±ar sus sistemas de seguridad,Mejore sus diseÃ±os,1284,en,2026-07-04T18:30:03.404954+00:00,True,,
www.pelco.com,https://www.pelco.com/it/bluebeamrevu,https://www.pelco.com/it/bluebeamrevu,200,general,Tool Chest di Motorola Solutions per Bluebeam Revu,"Scopri l'add-on Motorola Solutions per Bluebeam Revu. Visualizza i progetti di sicurezza, genera distinte, stime accurate e collabora con i team.",Tool Chest di Motorola Solutions per Bluebeam Revu,Accelera il processo di progettazione della sicurezza | Ottieni il kit di strumenti | Inizia a progettare i tuoi sistemi di sicurezza,Porta i tuoi progetti a un livello superiore,1240,en,2026-07-04T18:30:04.352918+00:00,True,,
www.pelco.com,https://www.pelco.com/partners/technical-partners/videoxpert-integrations/camera-configuration-tool,https://www.pelco.com/partners/technical-partners/videoxpert-integrations/camera-configuration-tool,200,guide,Camera Configuration Tool | Pelco,Learn more about the Camera Configuration Tool for Pelco Cameras,Camera Configuration Tool,Overview | Software Files | Documents | Have questions? We can help,,1231,en,2026-07-04T18:30:05.400989+00:00,True,,
www.cadgroup.com.au,https://www.cadgroup.com.au/autodesk-aec-collection/,https://www.cadgroup.com.au/autodesk-aec-collection/,200,category,Autodesk AEC Collection - BIM & CAD Software | Cadgroup,The Autodesk AEC Collection includes BIM & CAD software to give you the tools & workflows to build with confidence. Contact us today.,Autodesk AEC Collection,,"Interested in the AEC Collection? | What is the Architecture, Engineering & Construction Collection? | Everything you need | The power of workflows | Prepare for the future | Create more accurate and optimised designs. | Software Applications for Architecture | Engineer the best structural solutions. | Software Applications for Structural Engineering | Building Information Modelling and CAD based workflows to help you design and build better buildings. | Software Applications for Building Services | Connect multi-discipline design workflows. | Software Applications for Infrastructure Professionals | Build with confidence. | Software Applications for Construction | Optimise Design Processes with Intelligent 3D Solutions. | Software Applications for Process Engineering | Building Design | Architectural Design | Structural Design",1141,en,2026-07-04T18:30:06.558806+00:00,True,,
www.cadgroup.com.au,https://www.cadgroup.com.au/autodesk-pdm-collection/,https://www.cadgroup.com.au/autodesk-pdm-collection/,200,category,Autodesk PDM Collection (PDMC) - Engineering Software | Cadgroup,The Autodesk PDM Collection is a powerful set of applications that provides extended capabilities to Inventor and AutoCAD for engineers.,Autodesk PDM Collection,How the Autodesk PDMC helps your business | Products Included in the Autodesk PDM Collection,Interested in the Product Design & Manufacturing Collection? | What is the Product Design and Manufacturing Collection (Autodesk PDMC)? | Everything you need | The power of workflows | Prepare for the future | Improve speed and accuracy of quotations | Create an uninterrupted flow of data | Jump into production with ease | Deliver and install without surprises | Switch to the Product Design and Manufacturing Collection | Free Subscription Benefits with each license | AutoCAD.XT | Revit.XT | Civil.XT,668,en,2026-07-04T18:30:12.988991+00:00,True,,
www.cadgroup.com.au,https://www.cadgroup.com.au/bluebeam-revu/,https://www.cadgroup.com.au/bluebeam-revu/,200,category,Bluebeam Revu Software & Support - Gold Partner | Cadgroup,"Bluebeam Revu software sales, support & training throughout Australia & NZ. Award winning PDF creation, editing, markup & collaboration.",PDF Collaboration Software for Construction – Bluebeam,,"Bluebeam Software Specialists. | Better collaboration. Better results. | Why Bluebeam? | Communicate clearly | Collaborate effectively | Optimise processes | Get more done with Revu | Bluebeam it on the go | Your work, Your way. | Basics | Core | Complete | Max",805,en,2026-07-04T18:30:14.951865+00:00,True,,
www.cadgroup.com.au,https://www.cadgroup.com.au/category/knowledge-base/bluebeam/,https://www.cadgroup.com.au/category/knowledge-base/bluebeam/,200,guide,Bluebeam Archives – Cadgroup,,Bluebeam,Categories,,332,en,2026-07-04T18:30:16.689926+00:00,True,,
www.cadgroup.com.au,https://www.cadgroup.com.au/category/products/,https://www.cadgroup.com.au/category/products/,200,product,CAD & BIM Software Products | Cadgroup Australia,We provide CAD & BIM technology solutions from more than 20 strategic partners. Platinum partner of Bluebeam & Autodesk. Transform your business today.,Products,Categories,,297,en,2026-07-04T18:30:18.477087+00:00,True,,
www.cadgroup.com.au,https://www.cadgroup.com.au/support/,https://www.cadgroup.com.au/support/,200,guide,Support & Training - CAD Solutions | Cadgroup Australia,"Delivering design technology support with a sense of trust, friendliness & value. Platinum partner of Bluebeam & Autodesk.",Support,,Interested in our Support Services? | Remote Support | Tech Support | Phone Support | Kevin Lodge | Peter Gargett | Interested in Cadgroup’s Support Services?,561,en,2026-07-04T18:30:20.120495+00:00,True,,
www.cadgroup.com.au,https://www.cadgroup.com.au/training/bluebeam/,https://www.cadgroup.com.au/training/bluebeam/,200,category,Bluebeam Training – Cadgroup,Learn Bluebeam or improve your skills with our highly qualified instructors and online courses at Cadgroup Australia.,Bluebeam Online Training,Bluebeam Fundamentals Online | Custom Bluebeam Training,Contact our team for upcoming course dates and pricing:,352,en,2026-07-04T18:30:21.745332+00:00,True,,
