source_domain,source_url,product_name,product_category,discipline,trade,software_context,price,currency,sale_price,number_of_symbols_claimed,file_types_mentioned,delivery_method,compatibility_claims,included_items_summary,license_notes,refund_notes,faq_questions,trust_signals,reviews_count,rating,cta_text,source_evidence_short
university.bluebeam.com,https://university.bluebeam.com/how-to-modify-and-organize-tool-sets,"How to Create, Customize, and Organize Tool Sets 4 min",CCTV,CCTV; traffic/MUTCD; general Bluebeam workflow; tutorials/how-to guides,CCTV; traffic/MUTCD; general Bluebeam workflow; tutorials/how-to guides,Bluebeam Revu,,,,,,,"How to Create, Customize, and Organize Tool Sets Back Sign In How to Create, Customize, and Organize Tool Sets 4 min Course Overview How to Create, Customize, and Organize Tool Sets Video | 4 min Learn how to create, customize, and organize markup tool sets in Bluebeam Revu for efficient, consistent collaboration in any Studio Session.",,,,,,,,,"How to Create, Customize, and Organize Tool Sets Back Sign In How to Create, Customize, and Organize Tool Sets 4 min Course Overview How to Create, Customize, and Organize Tool Sets Video | 4 min Learn how to create, customize, and organize markup tool sets in Bluebeam Revu for efficient, consistent collaboration in any Studio Session. How to Creat"
university.bluebeam.com,https://university.bluebeam.com/how-to-tool-chest,How to Use the Tool Chest,CCTV,CCTV; AV/audio-visual; traffic/MUTCD; general Bluebeam workflow; tutorials/how-to guides,CCTV; AV/audio-visual; traffic/MUTCD; general Bluebeam workflow; tutorials/how-to guides,,,,,,,,,,,,,,,,,"How to Use the Tool Chest Back Sign In How to Use the Tool Chest Course Overview How to Use the Tool Chest Video | 5 min Save commonly used markups for easy reuse, and import or share tool sets with project partners. How to Use the Tool Chest Complete"
markuptoolsets.com,https://markuptoolsets.com/,Drawing Tool Sets,electrical,electrical; fire alarm; CCTV; access control; security; AV/audio-visual; telecom/data; lighting; HVAC/mechanical; structural; architectural; traffic/MUTCD; estimating/takeoff; general Bluebeam workflow,electrical; fire alarm; CCTV; access control; security; AV/audio-visual; telecom/data; lighting; HVAC/mechanical; structural; architectural; traffic/MUTCD; estimating/takeoff; general Bluebeam workflow,Bluebeam Revu,,,,,,,Bluebeam Revu® Tool Sets & Custom Libraries – MarkupToolSets Skip to content Home Drawing Tool Sets Takeoff & Estimating Tool Sets Contact Log in Country/region United States | USD $ Search Australia AUD $ Austria EUR € Belgium EUR € Canada CAD $ Czechia CZK Kč Denmark DKK kr. Finland EUR € France EUR € Germany EUR € Hong Kong SAR HKD $ Ireland EUR € Israel ILS ₪ Italy EUR € Japan JPY ¥ Malaysia MYR RM Netherlands EUR € New Zealand NZD $ Norway U,"Bluebeam Revu® Tool Sets & Custom Libraries – MarkupToolSets Skip to content Home Drawing Tool Sets Takeoff & Estimating Tool Sets Contact Log in Country/region United States | USD $ Search Australia AUD $ Austria EUR € Belgium EUR € Canada CAD $ Czechia CZK Kč Denmark DKK kr. Our tool set libraries provide extensive industry-standard symbols, components, and measurement tools that help you to markup, coordinate, and estimate more effectively.",YouTube ©2025 MarkupToolSets • Privacy Policy • Refund Policy • Terms of service Want to stay in the loop? Submit ©2025 MarkupToolSets • Privacy Policy • Refund Policy • Terms of service Choosing a selection results in a full page refresh.,YouTube ©2025 MarkupToolSets • Privacy Policy • Refund Policy • Terms of service Want to stay in the loop? Submit ©2025 MarkupToolSets • Privacy Policy • Refund Policy • Terms of service Choosing a selection results in a full page refresh.,,Guaranteed to save you hundreds of hours.,,,Contact | Cart | View cart | Learn More,Bluebeam Revu® Tool Sets & Custom Libraries – MarkupToolSets Skip to content Home Drawing Tool Sets Takeoff & Estimating Tool Sets Contact Log in Country/region United States | USD $ Search Australia AUD $ Austria EUR € Belgium EUR € Canada CAD $ Czechia CZK Kč Denmark DKK kr. Finland EUR € France EUR € Germany EUR € Hong Kong SAR HKD $ Ireland EUR
markuptoolsets.com,https://markuptoolsets.com/collections/tool-sets-for-bluebeam-tool-sets,Tool Sets for Bluebeam Revu – MarkupToolSets,electrical,electrical; fire alarm; CCTV; access control; security; AV/audio-visual; telecom/data; lighting; HVAC/mechanical; plumbing; structural; architectural; traffic/MUTCD; estimating/takeoff; general Bluebeam workflow,electrical; fire alarm; CCTV; access control; security; AV/audio-visual; telecom/data; lighting; HVAC/mechanical; plumbing; structural; architectural; traffic/MUTCD; estimating/takeoff; general Bluebeam workflow,Bluebeam Revu,30.00,$,,,,,Tool Sets for Bluebeam Revu – MarkupToolSets Skip to content Home Drawing Tool Sets Takeoff & Estimating Tool Sets Contact Log in Country/region United States | USD $ Search Australia AUD $ Austria EUR € Belgium EUR € Canada CAD $ Czechia CZK Kč Denmark DKK kr. Finland EUR € France EUR € Germany EUR € Hong Kong SAR HKD $ Ireland EUR € Israel ILS ₪ Italy EUR € Japan JPY ¥ Malaysia MYR RM Netherlands EUR € New Zealand NZD $ Norway USD $ Poland PLN ,Tool Sets for Bluebeam Revu – MarkupToolSets Skip to content Home Drawing Tool Sets Takeoff & Estimating Tool Sets Contact Log in Country/region United States | USD $ Search Australia AUD $ Austria EUR € Belgium EUR € Canada CAD $ Czechia CZK Kč Denmark DKK kr. Finland EUR € France EUR € Germany EUR € Hong Kong SAR HKD $ Ireland EUR € Israel ILS ₪ Italy EUR € Japan JPY ¥ Malaysia MYR RM Netherlands EUR € New Zealand NZD $ Norway USD $ Poland PLN ,YouTube ©2025 MarkupToolSets • Privacy Policy • Refund Policy • Terms of service Want to stay in the loop? Submit ©2025 MarkupToolSets • Privacy Policy • Refund Policy • Terms of service Choosing a selection results in a full page refresh.,YouTube ©2025 MarkupToolSets • Privacy Policy • Refund Policy • Terms of service Want to stay in the loop? Submit ©2025 MarkupToolSets • Privacy Policy • Refund Policy • Terms of service Choosing a selection results in a full page refresh.,,,,,Contact | Cart | View cart,Tool Sets for Bluebeam Revu – MarkupToolSets Skip to content Home Drawing Tool Sets Takeoff & Estimating Tool Sets Contact Log in Country/region United States | USD $ Search Australia AUD $ Austria EUR € Belgium EUR € Canada CAD $ Czechia CZK Kč Denmark DKK kr. Finland EUR € France EUR € Germany EUR € Hong Kong SAR HKD $ Ireland EUR € Israel ILS ₪
markuptoolsets.com,https://markuptoolsets.com/collections/bluebeam-revu-drawing-tool-sets,Bluebeam Revu Drawing Tool Sets – MarkupToolSets,electrical,electrical; fire alarm; CCTV; access control; security; AV/audio-visual; telecom/data; lighting; HVAC/mechanical; plumbing; structural; architectural; traffic/MUTCD; estimating/takeoff; general Bluebeam workflow,electrical; fire alarm; CCTV; access control; security; AV/audio-visual; telecom/data; lighting; HVAC/mechanical; plumbing; structural; architectural; traffic/MUTCD; estimating/takeoff; general Bluebeam workflow,Bluebeam Revu,30.00,$,,2025,,,Bluebeam Revu Drawing Tool Sets – MarkupToolSets Skip to content Home Drawing Tool Sets Takeoff & Estimating Tool Sets Contact Log in Country/region United States | USD $ Search Australia AUD $ Austria EUR € Belgium EUR € Canada CAD $ Czechia CZK Kč Denmark DKK kr. Finland EUR € France EUR € Germany EUR € Hong Kong SAR HKD $ Ireland EUR € Israel ILS ₪ Italy EUR € Japan JPY ¥ Malaysia MYR RM Netherlands EUR € New Zealand NZD $ Norway USD $ Poland ,Bluebeam Revu Drawing Tool Sets – MarkupToolSets Skip to content Home Drawing Tool Sets Takeoff & Estimating Tool Sets Contact Log in Country/region United States | USD $ Search Australia AUD $ Austria EUR € Belgium EUR € Canada CAD $ Czechia CZK Kč Denmark DKK kr. Finland EUR € France EUR € Germany EUR € Hong Kong SAR HKD $ Ireland EUR € Israel ILS ₪ Italy EUR € Japan JPY ¥ Malaysia MYR RM Netherlands EUR € New Zealand NZD $ Norway USD $ Poland ,YouTube ©2025 MarkupToolSets • Privacy Policy • Refund Policy • Terms of service Want to stay in the loop? Submit ©2025 MarkupToolSets • Privacy Policy • Refund Policy • Terms of service Choosing a selection results in a full page refresh.,YouTube ©2025 MarkupToolSets • Privacy Policy • Refund Policy • Terms of service Want to stay in the loop? Submit ©2025 MarkupToolSets • Privacy Policy • Refund Policy • Terms of service Choosing a selection results in a full page refresh.,,,,,Contact | Cart | View cart,Bluebeam Revu Drawing Tool Sets – MarkupToolSets Skip to content Home Drawing Tool Sets Takeoff & Estimating Tool Sets Contact Log in Country/region United States | USD $ Search Australia AUD $ Austria EUR € Belgium EUR € Canada CAD $ Czechia CZK Kč Denmark DKK kr. Finland EUR € France EUR € Germany EUR € Hong Kong SAR HKD $ Ireland EUR € Israel IL
bim-depot.com,https://bim-depot.com/,BIM Depot makes Revit simple,electrical,electrical; access control; AV/audio-visual; HVAC/mechanical; architectural; general Bluebeam workflow; free samples,electrical; access control; AV/audio-visual; HVAC/mechanical; architectural; general Bluebeam workflow; free samples,Bluebeam Revu,19,$,,,,download,"BIM Depot - Revit Templates, Families & Membership Skip to content Membership Revit Bluebeam Resources Log in Instagram YouTube Search Membership Revit Bluebeam Resources Search Log in Cart Item added to your cart View cart Check out Continue shopping BIM Depot makes Revit simple Many architectural firms don't have the time to decode Revit's complex interface.",,"BIM Depot REVIT Membership Digital Download Terms Membership Agreement Privacy Policy Contact FAQ Subscribe to our emails for a free gift Email Instagram YouTube Payment methods © 2026, BIM Depot Powered by Shopify Choosing a selection results in a full page refresh.",,,,,,Cart | View cart | Digital Download Terms | Contact,"BIM Depot - Revit Templates, Families & Membership Skip to content Membership Revit Bluebeam Resources Log in Instagram YouTube Search Membership Revit Bluebeam Resources Search Log in Cart Item added to your cart View cart Check out Continue shopping BIM Depot makes Revit simple Many architectural firms don't have the time to decode Revit's comple"
bim-depot.com,https://bim-depot.com/collections/bluebeam,Bluebeam Toolsets,electrical,electrical; fire alarm; security; telecom/data; HVAC/mechanical; plumbing; structural; traffic/MUTCD; general Bluebeam workflow,electrical; fire alarm; security; telecom/data; HVAC/mechanical; plumbing; structural; traffic/MUTCD; general Bluebeam workflow,Bluebeam Revu,29,$,,,,download,BIM Depot Bluebeam Tools & Membership Access Skip to content Membership Revit Bluebeam Resources Log in Instagram YouTube Search Membership Revit Bluebeam Resources Search Log in Cart Item added to your cart View cart Check out Continue shopping Bluebeam Toolsets Our Bluebeam Membership allows you to get instant access to BIM Depot's entire library of Bluebeam tools. Members also gain immediate access to all new Bluebeam assets and updates to exi,BIM Depot Bluebeam Tools & Membership Access Skip to content Membership Revit Bluebeam Resources Log in Instagram YouTube Search Membership Revit Bluebeam Resources Search Log in Cart Item added to your cart View cart Check out Continue shopping Bluebeam Toolsets Our Bluebeam Membership allows you to get instant access to BIM Depot's entire library of Bluebeam tools. Members also gain immediate access to all new Bluebeam assets and updates to exi,BIM Depot Bluebeam Membership Filter: Price The highest price is $29 Reset $ From $ To More filters 0 selected Match all Reset More filters 2D (9) 2D (9 products) Architecture (4) Architecture (4 products) Bluebeam (9) Bluebeam (9 products) Bluebeam Revu (9) Bluebeam Revu (9 products) Bluebeam Toolset (9) Bluebeam Toolset (9 products) Data (1) Data (1 product) Drafting (9) Drafting (9 products) Electrical (1) Electrical (1 product) Engineer (7) E,,,,,,Cart | View cart | Digital Download Terms | Contact,BIM Depot Bluebeam Tools & Membership Access Skip to content Membership Revit Bluebeam Resources Log in Instagram YouTube Search Membership Revit Bluebeam Resources Search Log in Cart Item added to your cart View cart Check out Continue shopping Bluebeam Toolsets Our Bluebeam Membership allows you to get instant access to BIM Depot's entire library
bim-depot.com,https://bim-depot.com/products/bluebeam-toolset-fire-alarm,Bluebeam Toolset - Fire Alarm,electrical,electrical; fire alarm; security; AV/audio-visual; HVAC/mechanical; architectural; general Bluebeam workflow; free samples,electrical; fire alarm; security; AV/audio-visual; HVAC/mechanical; architectural; general Bluebeam workflow; free samples,Bluebeam Revu,19,$,,,,download,Bluebeam Toolset Fire Alarm Symbols & Markups - BIM Depot Skip to content Membership Revit Bluebeam Resources Log in Instagram YouTube Search Membership Revit Bluebeam Resources Search Log in Cart Item added to your cart View cart Check out Continue shopping Skip to product information Open media 1 in modal 1 / of 1 BIM Depot Bluebeam Toolset - Fire Alarm Bluebeam Toolset - Fire Alarm Regular price $19 USD Regular price Sale price $19 USD Unit pr,Bluebeam Toolset Fire Alarm Symbols & Markups - BIM Depot Skip to content Membership Revit Bluebeam Resources Log in Instagram YouTube Search Membership Revit Bluebeam Resources Search Log in Cart Item added to your cart View cart Check out Continue shopping Skip to product information Open media 1 in modal 1 / of 1 BIM Depot Bluebeam Toolset - Fire Alarm Bluebeam Toolset - Fire Alarm Regular price $19 USD Regular price Sale price $19 USD Unit pr,"Share Share Link Close share Copy link View full details Digital Download Terms Membership Agreement Privacy Policy Contact FAQ Subscribe to our emails for a free gift Email Instagram YouTube Payment methods © 2026, BIM Depot Powered by Shopify Choosing a selection results in a full page refresh.",,,,,,Cart | View cart | Digital Download Terms | Contact,Bluebeam Toolset Fire Alarm Symbols & Markups - BIM Depot Skip to content Membership Revit Bluebeam Resources Log in Instagram YouTube Search Membership Revit Bluebeam Resources Search Log in Cart Item added to your cart View cart Check out Continue shopping Skip to product information Open media 1 in modal 1 / of 1 BIM Depot Bluebeam Toolset - Fir
bim-depot.com,https://bim-depot.com/products/bluebeam-toolchest-electrical,Bluebeam Toolset - Electrical,electrical,electrical; AV/audio-visual; HVAC/mechanical; architectural; traffic/MUTCD; general Bluebeam workflow; free samples,electrical; AV/audio-visual; HVAC/mechanical; architectural; traffic/MUTCD; general Bluebeam workflow; free samples,Bluebeam Revu,19,$,,,,download,Bluebeam Toolset Electrical for Efficient Project Design – BIM Depot Skip to content Membership Revit Bluebeam Resources Log in Instagram YouTube Search Membership Revit Bluebeam Resources Search Log in Cart Item added to your cart View cart Check out Continue shopping Skip to product information Open media 1 in modal 1 / of 1 BIM Depot Bluebeam Toolset - Electrical Bluebeam Toolset - Electrical Regular price $19 USD Regular price Sale price $19 ,Bluebeam Toolset Electrical for Efficient Project Design – BIM Depot Skip to content Membership Revit Bluebeam Resources Log in Instagram YouTube Search Membership Revit Bluebeam Resources Search Log in Cart Item added to your cart View cart Check out Continue shopping Skip to product information Open media 1 in modal 1 / of 1 BIM Depot Bluebeam Toolset - Electrical Bluebeam Toolset - Electrical Regular price $19 USD Regular price Sale price $19 ,"Share Share Link Close share Copy link View full details Digital Download Terms Membership Agreement Privacy Policy Contact FAQ Subscribe to our emails for a free gift Email Instagram YouTube Payment methods © 2026, BIM Depot Powered by Shopify Choosing a selection results in a full page refresh.",,,,,,Cart | View cart | Digital Download Terms | Contact,Bluebeam Toolset Electrical for Efficient Project Design – BIM Depot Skip to content Membership Revit Bluebeam Resources Log in Instagram YouTube Search Membership Revit Bluebeam Resources Search Log in Cart Item added to your cart View cart Check out Continue shopping Skip to product information Open media 1 in modal 1 / of 1 BIM Depot Bluebeam To
store.archtoolbox.com,https://store.archtoolbox.com/bbtoolsets/,BBToolsets - Bluebeam Tools,AV/audio-visual,AV/audio-visual; traffic/MUTCD; general Bluebeam workflow,AV/audio-visual; traffic/MUTCD; general Bluebeam workflow,Bluebeam Revu,,,,,,,"BBToolsets – Bluebeam Tools – Archtoolbox Store Store Customer Login BBToolsets - Bluebeam Tools Markup drawings in less time with these custom Bluebeam Revu ® tools created specifically for architects, interior designers, and engineers.","BBToolsets – Bluebeam Tools – Archtoolbox Store Store Customer Login BBToolsets - Bluebeam Tools Markup drawings in less time with these custom Bluebeam Revu ® tools created specifically for architects, interior designers, and engineers. Learn more and purchase the tools at BBToolsets.com .",About Archtoolbox About Archtoolbox Contact Archtoolbox Terms of Service and Privacy Policy Archtoolbox Store Return Policy Warranties Licenses This website uses cookies. Display and/or use of the information contained within this site constitutes acceptance of the Terms of Service and Privacy Policy .,About Archtoolbox About Archtoolbox Contact Archtoolbox Terms of Service and Privacy Policy Archtoolbox Store Return Policy Warranties Licenses This website uses cookies.,,,,,Contact Archtoolbox,"BBToolsets – Bluebeam Tools – Archtoolbox Store Store Customer Login BBToolsets - Bluebeam Tools Markup drawings in less time with these custom Bluebeam Revu ® tools created specifically for architects, interior designers, and engineers. Learn more and purchase the tools at BBToolsets.com . About Archtoolbox About Archtoolbox Contact Archtoolbox Te"
zentekconsultants.net,https://zentekconsultants.net/zentek-revu-tools/,ZenTek Revu Tools: Custom Bluebeam Tools for Smarter Workflows,security,security; AV/audio-visual; telecom/data; plumbing; traffic/MUTCD; estimating/takeoff; general Bluebeam workflow; tutorials/how-to guides,security; AV/audio-visual; telecom/data; plumbing; traffic/MUTCD; estimating/takeoff; general Bluebeam workflow; tutorials/how-to guides,Bluebeam Revu,,,,,,download,ZenTek Revu Tools | Bluebeam Tool Sets | ZenTek Consultants SIGN IN YOUR ACCOUNT TO HAVE ACCESS TO DIFFERENT FEATURES USERNAME PASSWORD Remember Me FORGOT YOUR PASSWORD? Contact Us | 866-824-4459 Search for: Search Button Consulting Services Construction Consulting Services Industry-Based Design & Layout Processes Construction Management Workflow Optimization Project Scheduling & Integration Services for Construction Construction Technology Manag,ZenTek Revu Tools | Bluebeam Tool Sets | ZenTek Consultants SIGN IN YOUR ACCOUNT TO HAVE ACCESS TO DIFFERENT FEATURES USERNAME PASSWORD Remember Me FORGOT YOUR PASSWORD? Contact Us | 866-824-4459 Search for: Search Button Consulting Services Construction Consulting Services Industry-Based Design & Layout Processes Construction Management Workflow Optimization Project Scheduling & Integration Services for Construction Construction Technology Manag,Available in Perpetual Licenses Only In the US?,,FORGOT YOUR DETAILS?,Contact Us | 866-824-4459 Search for: Search Button Consulting Services Construction Consulting Services Industry-Based Design & Layout Processes Construction Management Workflow Optimization Project Scheduling & Integration Services for Construction Construction Technology Managed Services Quantity Takeoff (QTO) & Estimating Tools Optimization Quantity Takeoff (QTO) & Estimating Data Integrations Construction CRM & Data Controls Real-Time Constr,,,Contact Us | Contact us | Download Trial | contact us,"ZenTek Revu Tools | Bluebeam Tool Sets | ZenTek Consultants SIGN IN YOUR ACCOUNT TO HAVE ACCESS TO DIFFERENT FEATURES USERNAME PASSWORD Remember Me FORGOT YOUR PASSWORD? FORGOT YOUR DETAILS? USERNAME OR EMAIL AAH, WAIT, I REMEMBER NOW! QUESTIONS? Contact Us | 866-824-4459 Search for: Search Button Consulting Services Construction Consulting Service"
www.axis.com,https://www.axis.com/support/tools/axis-tool-set-for-bluebeam-revu,AXIS Tool Set for Bluebeam® Revu®,CCTV,CCTV; access control; security; AV/audio-visual; telecom/data; HVAC/mechanical; traffic/MUTCD; general Bluebeam workflow,CCTV; access control; security; AV/audio-visual; telecom/data; HVAC/mechanical; traffic/MUTCD; general Bluebeam workflow,Bluebeam Revu,,,,,,download,AXIS Tool Set for Bluebeam® Revu® | Axis Communications Skip to main content Solutions Solutions by industry Solutions by industry Connected technology for all industries Aviation Banking and finance Cargo and logistics Casinos Cities Commercial real estate Critical infrastructure Data centers Education Healthcare Hotels and restaurants Industrial Law enforcement Maritime Parking Prisons and correctional facilities Public transport Retail Stadium,AXIS Tool Set for Bluebeam® Revu® | Axis Communications Skip to main content Solutions Solutions by industry Solutions by industry Connected technology for all industries Aviation Banking and finance Cargo and logistics Casinos Cities Commercial real estate Critical infrastructure Data centers Education Healthcare Hotels and restaurants Industrial Law enforcement Maritime Parking Prisons and correctional facilities Public transport Retail Stadium,AXIS Tool Set for Bluebeam® Revu® | Axis Communications Skip to main content Solutions Solutions by industry Solutions by industry Connected technology for all industries Aviation Banking and finance Cargo and logistics Casinos Cities Commercial real estate Critical infrastructure Data centers Education Healthcare Hotels and restaurants Industrial Law enforcement Maritime Parking Prisons and correctional facilities Public transport Retail Stadium,,,AXIS Tool Set for Bluebeam® Revu® | Axis Communications Skip to main content Solutions Solutions by industry Solutions by industry Connected technology for all industries Aviation Banking and finance Cargo and logistics Casinos Cities Commercial real estate Critical infrastructure Data centers Education Healthcare Hotels and restaurants Industrial Law enforcement Maritime Parking Prisons and correctional facilities Public transport Retail Stadium,,,Learning | eLearning | Blended learning | Learning portal Explore the learning portfolio. | Contact support | Where to buy,AXIS Tool Set for Bluebeam® Revu® | Axis Communications Skip to main content Solutions Solutions by industry Solutions by industry Connected technology for all industries Aviation Banking and finance Cargo and logistics Casinos Cities Commercial real estate Critical infrastructure Data centers Education Healthcare Hotels and restaurants Industrial
www.axis.com,https://www.axis.com/products/axis-tool-set-for-bluebeamr-revur/support,Product support for AXIS Tool Set for Bluebeam® Revu®,CCTV,CCTV; access control; security; AV/audio-visual; telecom/data; HVAC/mechanical; traffic/MUTCD; general Bluebeam workflow,CCTV; access control; security; AV/audio-visual; telecom/data; HVAC/mechanical; traffic/MUTCD; general Bluebeam workflow,Bluebeam Revu,,,,,,download,AXIS Tool Set for Bluebeam® Revu® - Product support | Axis Communications Skip to main content Solutions Solutions by industry Solutions by industry Connected technology for all industries Aviation Banking and finance Cargo and logistics Casinos Cities Commercial real estate Critical infrastructure Data centers Education Healthcare Hotels and restaurants Industrial Law enforcement Maritime Parking Prisons and correctional facilities Public transp,AXIS Tool Set for Bluebeam® Revu® - Product support | Axis Communications Skip to main content Solutions Solutions by industry Solutions by industry Connected technology for all industries Aviation Banking and finance Cargo and logistics Casinos Cities Commercial real estate Critical infrastructure Data centers Education Healthcare Hotels and restaurants Industrial Law enforcement Maritime Parking Prisons and correctional facilities Public transp,AXIS Tool Set for Bluebeam® Revu® - Product support | Axis Communications Skip to main content Solutions Solutions by industry Solutions by industry Connected technology for all industries Aviation Banking and finance Cargo and logistics Casinos Cities Commercial real estate Critical infrastructure Data centers Education Healthcare Hotels and restaurants Industrial Law enforcement Maritime Parking Prisons and correctional facilities Public transp,,,AXIS Tool Set for Bluebeam® Revu® - Product support | Axis Communications Skip to main content Solutions Solutions by industry Solutions by industry Connected technology for all industries Aviation Banking and finance Cargo and logistics Casinos Cities Commercial real estate Critical infrastructure Data centers Education Healthcare Hotels and restaurants Industrial Law enforcement Maritime Parking Prisons and correctional facilities Public transp,,,Learning | eLearning | Blended learning | Learning portal Explore the learning portfolio. | Contact support | Where to buy,AXIS Tool Set for Bluebeam® Revu® - Product support | Axis Communications Skip to main content Solutions Solutions by industry Solutions by industry Connected technology for all industries Aviation Banking and finance Cargo and logistics Casinos Cities Commercial real estate Critical infrastructure Data centers Education Healthcare Hotels and resta
www.avigilon.com,https://www.avigilon.com/bluebeamrevu,Motorola Solutions Tool Chest for Bluebeam Revu,electrical,electrical; fire alarm; CCTV; access control; security; AV/audio-visual; telecom/data; HVAC/mechanical; architectural; traffic/MUTCD; general Bluebeam workflow; tutorials/how-to guides,electrical; fire alarm; CCTV; access control; security; AV/audio-visual; telecom/data; HVAC/mechanical; architectural; traffic/MUTCD; general Bluebeam workflow; tutorials/how-to guides,Bluebeam Revu,,,,,,download,Motorola Solutions Tool Chest for Bluebeam Revu Skip to main content Products Back Products Discover Avigilon Back Discover Avigilon Alta Cloud Security Unity On-prem Security Motorola Solutions Ecosystem Integrations Search All Hardware Discover Avigilon Back Discover Avigilon Alta Cloud Security Unity On-prem Security Motorola Solutions Ecosystem Integrations Search All Hardware Video Security Back Video Security Cameras Overview Video Manageme,Motorola Solutions Tool Chest for Bluebeam Revu Skip to main content Products Back Products Discover Avigilon Back Discover Avigilon Alta Cloud Security Unity On-prem Security Motorola Solutions Ecosystem Integrations Search All Hardware Discover Avigilon Back Discover Avigilon Alta Cloud Security Unity On-prem Security Motorola Solutions Ecosystem Integrations Search All Hardware Video Security Back Video Security Cameras Overview Video Manageme,Motorola Solutions Tool Chest for Bluebeam Revu Skip to main content Products Back Products Discover Avigilon Back Discover Avigilon Alta Cloud Security Unity On-prem Security Motorola Solutions Ecosystem Integrations Search All Hardware Discover Avigilon Back Discover Avigilon Alta Cloud Security Unity On-prem Security Motorola Solutions Ecosystem Integrations Search All Hardware Video Security Back Video Security Cameras Overview Video Manageme,Motorola Solutions Tool Chest for Bluebeam Revu Skip to main content Products Back Products Discover Avigilon Back Discover Avigilon Alta Cloud Security Unity On-prem Security Motorola Solutions Ecosystem Integrations Search All Hardware Discover Avigilon Back Discover Avigilon Alta Cloud Security Unity On-prem Security Motorola Solutions Ecosystem Integrations Search All Hardware Video Security Back Video Security Cameras Overview Video Manageme,Have questions? We can help,Motorola Solutions Tool Chest for Bluebeam Revu Skip to main content Products Back Products Discover Avigilon Back Discover Avigilon Alta Cloud Security Unity On-prem Security Motorola Solutions Ecosystem Integrations Search All Hardware Discover Avigilon Back Discover Avigilon Alta Cloud Security Unity On-prem Security Motorola Solutions Ecosystem Integrations Search All Hardware Video Security Back Video Security Cameras Overview Video Manageme,,,Software Download | Download the Tool Chest | Download,Motorola Solutions Tool Chest for Bluebeam Revu Skip to main content Products Back Products Discover Avigilon Back Discover Avigilon Alta Cloud Security Unity On-prem Security Motorola Solutions Ecosystem Integrations Search All Hardware Discover Avigilon Back Discover Avigilon Alta Cloud Security Unity On-prem Security Motorola Solutions Ecosystem
www.pelco.com,https://www.pelco.com/bluebeamrevu,Motorola Solutions Tool Chest for Bluebeam Revu,fire alarm,fire alarm; CCTV; security; AV/audio-visual; HVAC/mechanical; traffic/MUTCD; general Bluebeam workflow; tutorials/how-to guides,fire alarm; CCTV; security; AV/audio-visual; HVAC/mechanical; traffic/MUTCD; general Bluebeam workflow; tutorials/how-to guides,Bluebeam Revu,,,,,,download,"Motorola Solutions Bluebeam Revu Tool Chest Skip to main content Products Devices Cameras Overview Dome Cameras Bullet & Box Cameras Pan, Tilt & Zoom Cameras Panoramic Cameras Specialty Cameras Silent Sentinel Cameras Smart Sensor Accessories Search All Devices Security Capabilities Low Light Thermal Explosion-Proof Extreme Weather Heavy-Duty License Plate Recognition Vandal-Resistant Perimeter Customized Cameras Drone Detection Health and Safety","Pelco symbols Design your layout quickly and accurately using drag-and-drop 2 D symbols. Download Pelco A&E Community Design seamless, integrated security solutions with our A&E tools and resources to help you meet end-user security needs.","Motorola Solutions Bluebeam Revu Tool Chest Skip to main content Products Devices Cameras Overview Dome Cameras Bullet & Box Cameras Pan, Tilt & Zoom Cameras Panoramic Cameras Specialty Cameras Silent Sentinel Cameras Smart Sensor Accessories Search All Devices Security Capabilities Low Light Thermal Explosion-Proof Extreme Weather Heavy-Duty License Plate Recognition Vandal-Resistant Perimeter Customized Cameras Drone Detection Health and Safety",,,Get your guide Resources Document Center Software/Firmware Updates Camera Configuration Tool Training Services System Design Tool Field of View Calculator Discontinued Compare Cameras News Insights Blogs & Articles Physical Security Guide Video Security Trends School Security Guide Comprehensive Security Audit Subscribe to Newsletter Support Contact Support Team Support Community RMA Account Request Repair Spare Parts Request Warranty Status Chec,,,Contact Support Team | Download | Learn about the A&E Community | Contact Us | Media Contacts,"Motorola Solutions Bluebeam Revu Tool Chest Skip to main content Products Devices Cameras Overview Dome Cameras Bullet & Box Cameras Pan, Tilt & Zoom Cameras Panoramic Cameras Specialty Cameras Silent Sentinel Cameras Smart Sensor Accessories Search All Devices Security Capabilities Low Light Thermal Explosion-Proof Extreme Weather Heavy-Duty Licen"
www.hanwhavision.com,https://www.hanwhavision.com/support/tools/bluebeam-revu-profiles,Bluebeam Revu Profiles | Hanwha Vision,general Bluebeam workflow,general Bluebeam workflow,general Bluebeam workflow,Bluebeam Revu,,,,,,,Bluebeam Revu Profiles | Hanwha Vision,,,,,,,,,Loading region information... Bluebeam Revu Profiles | Hanwha Vision
hanwhavisionamerica.com,https://hanwhavisionamerica.com/bluebeam-revu-profiles/,Bluebeam Revu Profiles | Hanwha Vision,general Bluebeam workflow,general Bluebeam workflow,general Bluebeam workflow,Bluebeam Revu,,,,,,,Bluebeam Revu Profiles | Hanwha Vision,,,,,,,,,Loading region information... Bluebeam Revu Profiles | Hanwha Vision
sensorworx.com,https://sensorworx.com/design-tools/,How Can We Help?,electrical,electrical; CCTV; access control; security; AV/audio-visual; telecom/data; lighting; HVAC/mechanical; architectural; traffic/MUTCD; general Bluebeam workflow; tutorials/how-to guides,electrical; CCTV; access control; security; AV/audio-visual; telecom/data; lighting; HVAC/mechanical; architectural; traffic/MUTCD; general Bluebeam workflow; tutorials/how-to guides,Bluebeam Revu,,,,,,download,Click below to download: Bluebeam Revu BLUEBEAM REVU BIM/Revit BIM/REVIT MODELS CAD CAD WIRING BLOCKS Title Block PDF Use default title blocks for SENSOR WORX product layout.,Design Tools - SENSORWORX About Mission Vision Origin Factory Facility Industry Partners Community Partners × WIRED WIRELESS DIGITAL Wall Switch Sensors Single & Dual Pole Dimming (0‑10V) Low Voltage Low Voltage w/ Dimming Ceiling Sensors Low Voltage Line Voltage Wide View & Hallway Sensors Low Voltage Line Voltage Photocell & Daylight Harvesting Sensors Low Voltage Line Voltage Outdoor Photocell Fixture Mount Sensors Line Voltage Photocell & Day,Design Tools - SENSORWORX About Mission Vision Origin Factory Facility Industry Partners Community Partners × WIRED WIRELESS DIGITAL Wall Switch Sensors Single & Dual Pole Dimming (0‑10V) Low Voltage Low Voltage w/ Dimming Ceiling Sensors Low Voltage Line Voltage Wide View & Hallway Sensors Low Voltage Line Voltage Photocell & Daylight Harvesting Sensors Low Voltage Line Voltage Outdoor Photocell Fixture Mount Sensors Line Voltage Photocell & Day,,,Design Tools - SENSORWORX About Mission Vision Origin Factory Facility Industry Partners Community Partners × WIRED WIRELESS DIGITAL Wall Switch Sensors Single & Dual Pole Dimming (0‑10V) Low Voltage Low Voltage w/ Dimming Ceiling Sensors Low Voltage Line Voltage Wide View & Hallway Sensors Low Voltage Line Voltage Photocell & Daylight Harvesting Sensors Low Voltage Line Voltage Outdoor Photocell Fixture Mount Sensors Line Voltage Photocell & Day,,,Contact | Download All Title Block Files | Download All Wiring Diagram Tool Sets | CONTACT,Design Tools - SENSORWORX About Mission Vision Origin Factory Facility Industry Partners Community Partners × WIRED WIRELESS DIGITAL Wall Switch Sensors Single & Dual Pole Dimming (0‑10V) Low Voltage Low Voltage w/ Dimming Ceiling Sensors Low Voltage Line Voltage Wide View & Hallway Sensors Low Voltage Line Voltage Photocell & Daylight Harvesting S
www.cadgroup.com.au,https://www.cadgroup.com.au/knowledge-base/adding-industry-specific-tool-sets-revu/,Adding Industry Specific Tool Sets into Bluebeam Revu,AV/audio-visual,AV/audio-visual; telecom/data; HVAC/mechanical; traffic/MUTCD; estimating/takeoff; general Bluebeam workflow; tutorials/how-to guides,AV/audio-visual; telecom/data; HVAC/mechanical; traffic/MUTCD; estimating/takeoff; general Bluebeam workflow; tutorials/how-to guides,Bluebeam Revu,,,,,,download,"Adding Industry Specific Tool Sets into Bluebeam Revu – Cadgroup Menu Services Products Training Support Contact Support Contact Us Services Onboarding Configuration Customisation Premium Services BPA Products Architecture, Engineering and Construction The AEC Collection Revit Bluebeam Civil 3D AutoCAD Construction Autodesk Forma (formerly known as Autodesk Construction Cloud) Forma Design Collaborate Forma Takeoff Forma Build Forma Data Manageme","Adding Industry Specific Tool Sets into Bluebeam Revu – Cadgroup Menu Services Products Training Support Contact Support Contact Us Services Onboarding Configuration Customisation Premium Services BPA Products Architecture, Engineering and Construction The AEC Collection Revit Bluebeam Civil 3D AutoCAD Construction Autodesk Forma (formerly known as Autodesk Construction Cloud) Forma Design Collaborate Forma Takeoff Forma Build Forma Data Manageme",,,,"Adding Industry Specific Tool Sets into Bluebeam Revu – Cadgroup Menu Services Products Training Support Contact Support Contact Us Services Onboarding Configuration Customisation Premium Services BPA Products Architecture, Engineering and Construction The AEC Collection Revit Bluebeam Civil 3D AutoCAD Construction Autodesk Forma (formerly known as Autodesk Construction Cloud) Forma Design Collaborate Forma Takeoff Forma Build Forma Data Manageme",,,Contact | Contact Us | Learning Management System,"Adding Industry Specific Tool Sets into Bluebeam Revu – Cadgroup Menu Services Products Training Support Contact Support Contact Us Services Onboarding Configuration Customisation Premium Services BPA Products Architecture, Engineering and Construction The AEC Collection Revit Bluebeam Civil 3D AutoCAD Construction Autodesk Forma (formerly known as"
university.bluebeam.com,https://university.bluebeam.com/,Home | Bluebeam University,CCTV,CCTV; AV/audio-visual; telecom/data; traffic/MUTCD; estimating/takeoff; general Bluebeam workflow; free samples; tutorials/how-to guides,CCTV; AV/audio-visual; telecom/data; traffic/MUTCD; estimating/takeoff; general Bluebeam workflow; free samples; tutorials/how-to guides,Bluebeam Revu,,,,,,,"Home | Bluebeam University Back Sign In Back to Catalog View Results Searching... Plans Paths Courses Lessons Reset Quick start Start Using Bluebeam Today Explore 30 minute courses for Architects, Engineers, Estimators, Project Managers and other professionals.",FREE 45 min newto Architect Course General contractor Subcontractor Government/Muni Bluebeam Revu Expert English sectionrevuonboarding sectionacacollab notlocalized Working with Markup Tools Learn how to use all of Revu's best-in-class markup tools and save them for later FREE 1 hr 30 min allcourses Estimator Architect Course Engineer Government/Muni Bluebeam Revu English rootworkflowcarousel workflowcarouselmarkups notlocalized The Markups List ,"FREE 15 min English notlocalized Part of: Legal | Terms of Use | Privacy Policy | Cookie Declaration | Do not sell or share my personal data Copyright © 2024 Bluebeam, Inc.",,,"Review lets you enter data and create your own forms. FREE 1 hour, Free Manager/Support Team sectionliveadvanced Estimator Architect Live Learning Admin Advanced General contractor Subcontractor Engineer Government/Muni Bluebeam Revu Project Manager Drawing Management Editing Documents Document Security notlocalized advanced Live Learning: Start Using Bluebeam Level 1 This introductory course covers the key skills you’ll rely on every day to get ",,,"Collaborating with Studio This course will help you manage projects in the cloud with Studio Projects and collaborate with stakeholders live, using Studio Sessions. FREE 45 min newto Architect Course General contractor Subcontractor Government/Muni Bluebeam Revu Expert English sectionrevuonboarding sectionacacollab notlocalized | Working with Markup Tools Learn how to use all of Revu's best-in-class markup tools and save them for later FREE 1 hr 30 min allcourses Estimator Architect Course Engineer Government/Muni Bluebeam Revu English rootworkflowcarousel workflowcarouselmarkups notlocalized | The Markups List and Markup Data Get the most out of every markup in your drawings by tracking and adding even more data in the Markups List FREE 30 min allcourses Estimator Course Advanced Engineer Government/Muni Bluebeam Revu English Markups List Quantity Takeoff rootworkflowcarousel workflowcarouselmarkups workflowcarouselqt notlocalized | Bluebeam 101: Markups Learn how to get the most out of Markup Tools in Revu in this quick 30-minute recorded webinar 30 min, Free Basic Estimator Architect Live Learning Revu 21 General contractor Subcontractor Engineer Government/Muni Bluebeam Revu English sectionliveondemand rootworkflowcarousel workflowcarouselmarkups notlocalized | Revu Essentials Learn the essential skills you need to confidently use Revu. FREE 1 hr 30 min Basic newto Estimator Architect Course Subcontractor Engineer Government/Muni Bluebeam Revu English sectionrevuonboarding sectionacaonboarding Markups List Quantity Takeoff rootworkflowcarousel workflowcarouselmarkups workflowcarouselqt workflowcarouselde notlocalized | Drafting and Sketching Use Revu to add more detail to existing drawings or create full sketches at scale FREE 45 min Estimator Course Advanced Subcontractor Engineer Government/Muni Bluebeam Revu English sectionfanfavorites rootworkflowcarousel workflowcarouselmarkups workflowcarouselde notlocalized | Revu Connected to AI via MCP in Bluebeam Max Learn how to connect Revu to AI via MCP and use natural language to work faster in Bluebeam Max. FREE 29 min Basic Course Bluebeam Revu English sectionbluebeammaxcourses workflowcarouselai notlocalized catalogmaxcarousel Bluebeam Max | Start Using Bluebeam for Estimators Get up to speed fast with this short introductory course to the tools you will use every day in Bluebeam. FREE 30 min Basic Estimator Course Bluebeam Revu English sectionsubroles Quantity Takeoff rootworkflowcarousel workflowcarouselqt notlocalized subrolecarousel","Home | Bluebeam University Back Sign In Back to Catalog View Results Searching... Plans Paths Courses Lessons Reset Quick start Start Using Bluebeam Today Explore 30 minute courses for Architects, Engineers, Estimators, Project Managers and other professionals. 30 min Basic newto Estimator Architect Svenska Course Engineer Bluebeam Revu Deutsch Eng"
university.bluebeam.com,https://university.bluebeam.com/how-to-modify-and-organize-tool-sets/2284988,"How to Create, Customize, and Organize Tool Sets 4 min",CCTV,CCTV; traffic/MUTCD; general Bluebeam workflow; tutorials/how-to guides,CCTV; traffic/MUTCD; general Bluebeam workflow; tutorials/how-to guides,Bluebeam Revu,,,,,,,"How to Create, Customize, and Organize Tool Sets Back Sign In How to Create, Customize, and Organize Tool Sets 4 min Course Overview How to Create, Customize, and Organize Tool Sets Video | 4 min Learn how to create, customize, and organize markup tool sets in Bluebeam Revu for efficient, consistent collaboration in any Studio Session.",,,,,,,,,"How to Create, Customize, and Organize Tool Sets Back Sign In How to Create, Customize, and Organize Tool Sets 4 min Course Overview How to Create, Customize, and Organize Tool Sets Video | 4 min Learn how to create, customize, and organize markup tool sets in Bluebeam Revu for efficient, consistent collaboration in any Studio Session. How to Creat"
university.bluebeam.com,https://university.bluebeam.com/how-to-tool-chest/1743249,How to Use the Tool Chest,CCTV,CCTV; AV/audio-visual; traffic/MUTCD; general Bluebeam workflow; tutorials/how-to guides,CCTV; AV/audio-visual; traffic/MUTCD; general Bluebeam workflow; tutorials/how-to guides,,,,,,,,,,,,,,,,,"How to Use the Tool Chest Back Sign In How to Use the Tool Chest Course Overview How to Use the Tool Chest Video | 5 min Save commonly used markups for easy reuse, and import or share tool sets with project partners. How to Use the Tool Chest Complete"
bim-depot.com,https://bim-depot.com/collections/best-selling,Collection: Best Selling,electrical,electrical; fire alarm; access control; security; telecom/data; lighting; HVAC/mechanical; plumbing; structural; architectural; traffic/MUTCD; general Bluebeam workflow,electrical; fire alarm; access control; security; telecom/data; lighting; HVAC/mechanical; plumbing; structural; architectural; traffic/MUTCD; general Bluebeam workflow,Bluebeam Revu,299,$,,,,download,Best Selling – BIM Depot Skip to content Membership Revit Bluebeam Resources Log in Instagram YouTube Search Membership Revit Bluebeam Resources Search Log in Cart Item added to your cart View cart Check out Continue shopping Collection: Best Selling Filter: Price The highest price is $299 Reset $ From $ To More filters 0 selected Match all Reset More filters 2D (43) 2D (43 products) 3D (65) 3D (65 products) Annotation (1) Annotation (1 product) ,Best Selling – BIM Depot Skip to content Membership Revit Bluebeam Resources Log in Instagram YouTube Search Membership Revit Bluebeam Resources Search Log in Cart Item added to your cart View cart Check out Continue shopping Collection: Best Selling Filter: Price The highest price is $299 Reset $ From $ To More filters 0 selected Match all Reset More filters 2D (43) 2D (43 products) 3D (65) 3D (65 products) Annotation (1) Annotation (1 product) ,Best Selling – BIM Depot Skip to content Membership Revit Bluebeam Resources Log in Instagram YouTube Search Membership Revit Bluebeam Resources Search Log in Cart Item added to your cart View cart Check out Continue shopping Collection: Best Selling Filter: Price The highest price is $299 Reset $ From $ To More filters 0 selected Match all Reset More filters 2D (43) 2D (43 products) 3D (65) 3D (65 products) Annotation (1) Annotation (1 product) ,,,,,,Cart | View cart | Digital Download Terms | Contact,Best Selling – BIM Depot Skip to content Membership Revit Bluebeam Resources Log in Instagram YouTube Search Membership Revit Bluebeam Resources Search Log in Cart Item added to your cart View cart Check out Continue shopping Collection: Best Selling Filter: Price The highest price is $299 Reset $ From $ To More filters 0 selected Match all Reset M
bim-depot.com,https://bim-depot.com/collections/membership,Collection: Membership,electrical,electrical; HVAC/mechanical; architectural; general Bluebeam workflow; free samples,electrical; HVAC/mechanical; architectural; general Bluebeam workflow; free samples,Bluebeam Revu,199,$,,,,download,Membership – BIM Depot Skip to content Membership Revit Bluebeam Resources Log in Instagram YouTube Search Membership Revit Bluebeam Resources Search Log in Cart Item added to your cart View cart Check out Continue shopping Collection: Membership Filter: Price The highest price is $199 Reset $ From $ To More filters 0 selected Match all Reset More filters Membership (1) Membership (1 product) Revit (1) Revit (1 product) Membership (1) Membership ,,Membership – BIM Depot Skip to content Membership Revit Bluebeam Resources Log in Instagram YouTube Search Membership Revit Bluebeam Resources Search Log in Cart Item added to your cart View cart Check out Continue shopping Collection: Membership Filter: Price The highest price is $199 Reset $ From $ To More filters 0 selected Match all Reset More filters Membership (1) Membership (1 product) Revit (1) Revit (1 product) Membership (1) Membership ,,,,,,Cart | View cart | Digital Download Terms | Contact,Membership – BIM Depot Skip to content Membership Revit Bluebeam Resources Log in Instagram YouTube Search Membership Revit Bluebeam Resources Search Log in Cart Item added to your cart View cart Check out Continue shopping Collection: Membership Filter: Price The highest price is $199 Reset $ From $ To More filters 0 selected Match all Reset More
store.archtoolbox.com,https://store.archtoolbox.com,Archtoolbox Store – Shop for Tools and Resources for Architects and Interior Designers,AV/audio-visual,AV/audio-visual; architectural; traffic/MUTCD; general Bluebeam workflow; tutorials/how-to guides,AV/audio-visual; architectural; traffic/MUTCD; general Bluebeam workflow; tutorials/how-to guides,Bluebeam Revu,,,,,,,Learn More BBToolsets - Bluebeam Tools Bluebeam® Tool Sets for Architects and Interior Designers.,"Archtoolbox Store – Shop for Tools and Resources for Architects and Interior Designers Store Customer Login Career Advancement for Architects, Interior Designers, and Engineers Our no-BS guides and tools help you work smarter and level-up your career Guide to Negotiating a Salary Increase Confidently ask for a raise with this PDF Guide and Excel spreadsheet templates. Learn More BBToolsets - Bluebeam Tools Bluebeam® Tool Sets for Architects and I",Learn More About Archtoolbox About Archtoolbox Contact Archtoolbox Terms of Service and Privacy Policy Archtoolbox Store Return Policy Warranties Licenses This website uses cookies. Display and/or use of the information contained within this site constitutes acceptance of the Terms of Service and Privacy Policy .,Learn More About Archtoolbox About Archtoolbox Contact Archtoolbox Terms of Service and Privacy Policy Archtoolbox Store Return Policy Warranties Licenses This website uses cookies.,,,,,Learn More | Contact Archtoolbox,"Archtoolbox Store – Shop for Tools and Resources for Architects and Interior Designers Store Customer Login Career Advancement for Architects, Interior Designers, and Engineers Our no-BS guides and tools help you work smarter and level-up your career Guide to Negotiating a Salary Increase Confidently ask for a raise with this PDF Guide and Excel sp"
zentekconsultants.net,https://zentekconsultants.net/bluebeam-max/,Bluebeam Max: Supercharge Your Revu,security,security; AV/audio-visual; telecom/data; plumbing; traffic/MUTCD; estimating/takeoff; general Bluebeam workflow; tutorials/how-to guides,security; AV/audio-visual; telecom/data; plumbing; traffic/MUTCD; estimating/takeoff; general Bluebeam workflow; tutorials/how-to guides,Bluebeam Revu,,,,,,,Bluebeam Max | AI Tools | ZenTek Consultants SIGN IN YOUR ACCOUNT TO HAVE ACCESS TO DIFFERENT FEATURES USERNAME PASSWORD Remember Me FORGOT YOUR PASSWORD? Contact Us | 866-824-4459 Search for: Search Button Consulting Services Construction Consulting Services Industry-Based Design & Layout Processes Construction Management Workflow Optimization Project Scheduling & Integration Services for Construction Construction Technology Managed Services Qua,Bluebeam Max | AI Tools | ZenTek Consultants SIGN IN YOUR ACCOUNT TO HAVE ACCESS TO DIFFERENT FEATURES USERNAME PASSWORD Remember Me FORGOT YOUR PASSWORD? Contact Us | 866-824-4459 Search for: Search Button Consulting Services Construction Consulting Services Industry-Based Design & Layout Processes Construction Management Workflow Optimization Project Scheduling & Integration Services for Construction Construction Technology Managed Services Qua,,,FORGOT YOUR DETAILS?,Contact Us | 866-824-4459 Search for: Search Button Consulting Services Construction Consulting Services Industry-Based Design & Layout Processes Construction Management Workflow Optimization Project Scheduling & Integration Services for Construction Construction Technology Managed Services Quantity Takeoff (QTO) & Estimating Tools Optimization Quantity Takeoff (QTO) & Estimating Data Integrations Construction CRM & Data Controls Real-Time Constr,,,Contact Us | Buy Now,"Bluebeam Max | AI Tools | ZenTek Consultants SIGN IN YOUR ACCOUNT TO HAVE ACCESS TO DIFFERENT FEATURES USERNAME PASSWORD Remember Me FORGOT YOUR PASSWORD? FORGOT YOUR DETAILS? USERNAME OR EMAIL AAH, WAIT, I REMEMBER NOW! QUESTIONS? Contact Us | 866-824-4459 Search for: Search Button Consulting Services Construction Consulting Services Industry-Base"
zentekconsultants.net,https://zentekconsultants.net/bluebeam-revu-online-courses/,Bluebeam Revu Training - Live Online Training Courses,security,security; AV/audio-visual; telecom/data; plumbing; traffic/MUTCD; estimating/takeoff; general Bluebeam workflow; tutorials/how-to guides,security; AV/audio-visual; telecom/data; plumbing; traffic/MUTCD; estimating/takeoff; general Bluebeam workflow; tutorials/how-to guides,Bluebeam Revu,,,,,,,Bluebeam Revu Training Courses Online | ZenTek Consultants SIGN IN YOUR ACCOUNT TO HAVE ACCESS TO DIFFERENT FEATURES USERNAME PASSWORD Remember Me FORGOT YOUR PASSWORD? Contact Us | 866-824-4459 Search for: Search Button Consulting Services Construction Consulting Services Industry-Based Design & Layout Processes Construction Management Workflow Optimization Project Scheduling & Integration Services for Construction Construction Technology Manage,Contact Us | 866-824-4459 Search for: Search Button Consulting Services Construction Consulting Services Industry-Based Design & Layout Processes Construction Management Workflow Optimization Project Scheduling & Integration Services for Construction Construction Technology Managed Services Quantity Takeoff (QTO) & Estimating Tools Optimization Quantity Takeoff (QTO) & Estimating Data Integrations Construction CRM & Data Controls Real-Time Constr,,No refunds will be given once a class has begun.,FORGOT YOUR DETAILS?,Contact Us | 866-824-4459 Search for: Search Button Consulting Services Construction Consulting Services Industry-Based Design & Layout Processes Construction Management Workflow Optimization Project Scheduling & Integration Services for Construction Construction Technology Managed Services Quantity Takeoff (QTO) & Estimating Tools Optimization Quantity Takeoff (QTO) & Estimating Data Integrations Construction CRM & Data Controls Real-Time Constr,,,Contact Us | Learn More >,"Bluebeam Revu Training Courses Online | ZenTek Consultants SIGN IN YOUR ACCOUNT TO HAVE ACCESS TO DIFFERENT FEATURES USERNAME PASSWORD Remember Me FORGOT YOUR PASSWORD? FORGOT YOUR DETAILS? USERNAME OR EMAIL AAH, WAIT, I REMEMBER NOW! QUESTIONS? Contact Us | 866-824-4459 Search for: Search Button Consulting Services Construction Consulting Services"
zentekconsultants.net,https://zentekconsultants.net/bluebeam-revu/,Bluebeam Revu Software,security,security; AV/audio-visual; telecom/data; plumbing; traffic/MUTCD; estimating/takeoff; general Bluebeam workflow; tutorials/how-to guides,security; AV/audio-visual; telecom/data; plumbing; traffic/MUTCD; estimating/takeoff; general Bluebeam workflow; tutorials/how-to guides,Bluebeam Revu,,,,,,download,Bluebeam Revu | ZenTek Consultants SIGN IN YOUR ACCOUNT TO HAVE ACCESS TO DIFFERENT FEATURES USERNAME PASSWORD Remember Me FORGOT YOUR PASSWORD? Contact Us | 866-824-4459 Search for: Search Button Consulting Services Construction Consulting Services Industry-Based Design & Layout Processes Construction Management Workflow Optimization Project Scheduling & Integration Services for Construction Construction Technology Managed Services Quantity Take,Contact Us | 866-824-4459 Search for: Search Button Consulting Services Construction Consulting Services Industry-Based Design & Layout Processes Construction Management Workflow Optimization Project Scheduling & Integration Services for Construction Construction Technology Managed Services Quantity Takeoff (QTO) & Estimating Tools Optimization Quantity Takeoff (QTO) & Estimating Data Integrations Construction CRM & Data Controls Real-Time Constr,"Get the latest information when you need it, where you need it No need to install Revu — simply pick up and mark up on your web browser or mobile device Invite anyone collaborate on drawings in real time, even if they don’t have Bluebeam Bluebeam Revu 21 is available to purchase as a single user, annual license. How can I convert my existing perpetual license to a subscription?","Allows you to track installation and material costs dynamically, and even record delivery/return status and dates for materials.",FORGOT YOUR DETAILS?,Contact Us | 866-824-4459 Search for: Search Button Consulting Services Construction Consulting Services Industry-Based Design & Layout Processes Construction Management Workflow Optimization Project Scheduling & Integration Services for Construction Construction Technology Managed Services Quantity Takeoff (QTO) & Estimating Tools Optimization Quantity Takeoff (QTO) & Estimating Data Integrations Construction CRM & Data Controls Real-Time Constr,,,Contact Us | Learn Why | Download Trial | Contact us | Buy Now,"Bluebeam Revu | ZenTek Consultants SIGN IN YOUR ACCOUNT TO HAVE ACCESS TO DIFFERENT FEATURES USERNAME PASSWORD Remember Me FORGOT YOUR PASSWORD? FORGOT YOUR DETAILS? USERNAME OR EMAIL AAH, WAIT, I REMEMBER NOW! QUESTIONS? Contact Us | 866-824-4459 Search for: Search Button Consulting Services Construction Consulting Services Industry-Based Design &"
zentekconsultants.net,https://zentekconsultants.net/bluebeam-tool-chest-customization-services,Bluebeam Revu Custom Tools and Microsoft Excel Quantity Linking,security,security; AV/audio-visual; telecom/data; plumbing; traffic/MUTCD; estimating/takeoff; general Bluebeam workflow; tutorials/how-to guides,security; AV/audio-visual; telecom/data; plumbing; traffic/MUTCD; estimating/takeoff; general Bluebeam workflow; tutorials/how-to guides,Bluebeam Revu,,,,,,,Custom Bluebeam Revu Tool Sets & Chests | ZenTek Consultants SIGN IN YOUR ACCOUNT TO HAVE ACCESS TO DIFFERENT FEATURES USERNAME PASSWORD Remember Me FORGOT YOUR PASSWORD? Contact Us | 866-824-4459 Search for: Search Button Consulting Services Construction Consulting Services Industry-Based Design & Layout Processes Construction Management Workflow Optimization Project Scheduling & Integration Services for Construction Construction Technology Mana,Contact Us | 866-824-4459 Search for: Search Button Consulting Services Construction Consulting Services Industry-Based Design & Layout Processes Construction Management Workflow Optimization Project Scheduling & Integration Services for Construction Construction Technology Managed Services Quantity Takeoff (QTO) & Estimating Tools Optimization Quantity Takeoff (QTO) & Estimating Data Integrations Construction CRM & Data Controls Real-Time Constr,,,FORGOT YOUR DETAILS? | Why Choose ZenTek for Bluebeam Customization? | Not Sure Which Customization Service You Need?,Contact Us | 866-824-4459 Search for: Search Button Consulting Services Construction Consulting Services Industry-Based Design & Layout Processes Construction Management Workflow Optimization Project Scheduling & Integration Services for Construction Construction Technology Managed Services Quantity Takeoff (QTO) & Estimating Tools Optimization Quantity Takeoff (QTO) & Estimating Data Integrations Construction CRM & Data Controls Real-Time Constr,,,Contact Us | Contact us,"Custom Bluebeam Revu Tool Sets & Chests | ZenTek Consultants SIGN IN YOUR ACCOUNT TO HAVE ACCESS TO DIFFERENT FEATURES USERNAME PASSWORD Remember Me FORGOT YOUR PASSWORD? FORGOT YOUR DETAILS? USERNAME OR EMAIL AAH, WAIT, I REMEMBER NOW! QUESTIONS? Contact Us | 866-824-4459 Search for: Search Button Consulting Services Construction Consulting Servic"
zentekconsultants.net,https://zentekconsultants.net/bluebeam-tool-chest-customization-services/,Bluebeam Revu Custom Tools and Microsoft Excel Quantity Linking,security,security; AV/audio-visual; telecom/data; plumbing; traffic/MUTCD; estimating/takeoff; general Bluebeam workflow; tutorials/how-to guides,security; AV/audio-visual; telecom/data; plumbing; traffic/MUTCD; estimating/takeoff; general Bluebeam workflow; tutorials/how-to guides,Bluebeam Revu,,,,,,,Custom Bluebeam Revu Tool Sets & Chests | ZenTek Consultants SIGN IN YOUR ACCOUNT TO HAVE ACCESS TO DIFFERENT FEATURES USERNAME PASSWORD Remember Me FORGOT YOUR PASSWORD? Contact Us | 866-824-4459 Search for: Search Button Consulting Services Construction Consulting Services Industry-Based Design & Layout Processes Construction Management Workflow Optimization Project Scheduling & Integration Services for Construction Construction Technology Mana,Contact Us | 866-824-4459 Search for: Search Button Consulting Services Construction Consulting Services Industry-Based Design & Layout Processes Construction Management Workflow Optimization Project Scheduling & Integration Services for Construction Construction Technology Managed Services Quantity Takeoff (QTO) & Estimating Tools Optimization Quantity Takeoff (QTO) & Estimating Data Integrations Construction CRM & Data Controls Real-Time Constr,,,FORGOT YOUR DETAILS? | Why Choose ZenTek for Bluebeam Customization? | Not Sure Which Customization Service You Need?,Contact Us | 866-824-4459 Search for: Search Button Consulting Services Construction Consulting Services Industry-Based Design & Layout Processes Construction Management Workflow Optimization Project Scheduling & Integration Services for Construction Construction Technology Managed Services Quantity Takeoff (QTO) & Estimating Tools Optimization Quantity Takeoff (QTO) & Estimating Data Integrations Construction CRM & Data Controls Real-Time Constr,,,Contact Us | Contact us,"Custom Bluebeam Revu Tool Sets & Chests | ZenTek Consultants SIGN IN YOUR ACCOUNT TO HAVE ACCESS TO DIFFERENT FEATURES USERNAME PASSWORD Remember Me FORGOT YOUR PASSWORD? FORGOT YOUR DETAILS? USERNAME OR EMAIL AAH, WAIT, I REMEMBER NOW! QUESTIONS? Contact Us | 866-824-4459 Search for: Search Button Consulting Services Construction Consulting Servic"
zentekconsultants.net,https://zentekconsultants.net/cad-data-integration-symbology-services/,CAD Data Integration & Symbology Services,security,security; AV/audio-visual; telecom/data; plumbing; traffic/MUTCD; estimating/takeoff; general Bluebeam workflow; tutorials/how-to guides,security; AV/audio-visual; telecom/data; plumbing; traffic/MUTCD; estimating/takeoff; general Bluebeam workflow; tutorials/how-to guides,Bluebeam Revu,,,,,,,Contact Us | 866-824-4459 Search for: Search Button Consulting Services Construction Consulting Services Industry-Based Design & Layout Processes Construction Management Workflow Optimization Project Scheduling & Integration Services for Construction Construction Technology Managed Services Quantity Takeoff (QTO) & Estimating Tools Optimization Quantity Takeoff (QTO) & Estimating Data Integrations Construction CRM & Data Controls Real-Time Constr,Contact Us | 866-824-4459 Search for: Search Button Consulting Services Construction Consulting Services Industry-Based Design & Layout Processes Construction Management Workflow Optimization Project Scheduling & Integration Services for Construction Construction Technology Managed Services Quantity Takeoff (QTO) & Estimating Tools Optimization Quantity Takeoff (QTO) & Estimating Data Integrations Construction CRM & Data Controls Real-Time Constr,,,FORGOT YOUR DETAILS?,Contact Us | 866-824-4459 Search for: Search Button Consulting Services Construction Consulting Services Industry-Based Design & Layout Processes Construction Management Workflow Optimization Project Scheduling & Integration Services for Construction Construction Technology Managed Services Quantity Takeoff (QTO) & Estimating Tools Optimization Quantity Takeoff (QTO) & Estimating Data Integrations Construction CRM & Data Controls Real-Time Constr,,,Contact Us,"CAD Data Integration & Symbology Services | ZenTek Consultants SIGN IN YOUR ACCOUNT TO HAVE ACCESS TO DIFFERENT FEATURES USERNAME PASSWORD Remember Me FORGOT YOUR PASSWORD? FORGOT YOUR DETAILS? USERNAME OR EMAIL AAH, WAIT, I REMEMBER NOW! QUESTIONS? Contact Us | 866-824-4459 Search for: Search Button Consulting Services Construction Consulting Serv"
zentekconsultants.net,https://zentekconsultants.net/drafting-support-for-everyone-cad-zentek-consultants/,CAD & Drafting Support,security,security; AV/audio-visual; telecom/data; plumbing; traffic/MUTCD; estimating/takeoff; general Bluebeam workflow; tutorials/how-to guides,security; AV/audio-visual; telecom/data; plumbing; traffic/MUTCD; estimating/takeoff; general Bluebeam workflow; tutorials/how-to guides,Bluebeam Revu,,,,,,,Contact Us | 866-824-4459 Search for: Search Button Consulting Services Construction Consulting Services Industry-Based Design & Layout Processes Construction Management Workflow Optimization Project Scheduling & Integration Services for Construction Construction Technology Managed Services Quantity Takeoff (QTO) & Estimating Tools Optimization Quantity Takeoff (QTO) & Estimating Data Integrations Construction CRM & Data Controls Real-Time Constr,Contact Us | 866-824-4459 Search for: Search Button Consulting Services Construction Consulting Services Industry-Based Design & Layout Processes Construction Management Workflow Optimization Project Scheduling & Integration Services for Construction Construction Technology Managed Services Quantity Takeoff (QTO) & Estimating Tools Optimization Quantity Takeoff (QTO) & Estimating Data Integrations Construction CRM & Data Controls Real-Time Constr,"As a Licensed Surveyor or P.E., your job is to verify the accuracy and function of the civil design, not learn the myriad steps needed to use modern CAD systems for civil design.",,FORGOT YOUR DETAILS?,CAD Drafting Services & Support | ZenTek Consultants SIGN IN YOUR ACCOUNT TO HAVE ACCESS TO DIFFERENT FEATURES USERNAME PASSWORD Remember Me FORGOT YOUR PASSWORD? Contact Us | 866-824-4459 Search for: Search Button Consulting Services Construction Consulting Services Industry-Based Design & Layout Processes Construction Management Workflow Optimization Project Scheduling & Integration Services for Construction Construction Technology Managed Serv,,,Contact Us,"CAD Drafting Services & Support | ZenTek Consultants SIGN IN YOUR ACCOUNT TO HAVE ACCESS TO DIFFERENT FEATURES USERNAME PASSWORD Remember Me FORGOT YOUR PASSWORD? FORGOT YOUR DETAILS? USERNAME OR EMAIL AAH, WAIT, I REMEMBER NOW! QUESTIONS? Contact Us | 866-824-4459 Search for: Search Button Consulting Services Construction Consulting Services Indus"
www.axis.com,https://www.axis.com/products/access-control,Access control,CCTV,CCTV; access control; security; AV/audio-visual; telecom/data; HVAC/mechanical; traffic/MUTCD,CCTV; access control; security; AV/audio-visual; telecom/data; HVAC/mechanical; traffic/MUTCD,,,,,,,download,,Access control | Axis Communications Skip to main content Solutions Solutions by industry Solutions by industry Connected technology for all industries Aviation Banking and finance Cargo and logistics Casinos Cities Commercial real estate Critical infrastructure Data centers Education Healthcare Hotels and restaurants Industrial Law enforcement Maritime Parking Prisons and correctional facilities Public transport Retail Stadiums and venues Traffi,Access control | Axis Communications Skip to main content Solutions Solutions by industry Solutions by industry Connected technology for all industries Aviation Banking and finance Cargo and logistics Casinos Cities Commercial real estate Critical infrastructure Data centers Education Healthcare Hotels and restaurants Industrial Law enforcement Maritime Parking Prisons and correctional facilities Public transport Retail Stadiums and venues Traffi,,,Access control | Axis Communications Skip to main content Solutions Solutions by industry Solutions by industry Connected technology for all industries Aviation Banking and finance Cargo and logistics Casinos Cities Commercial real estate Critical infrastructure Data centers Education Healthcare Hotels and restaurants Industrial Law enforcement Maritime Parking Prisons and correctional facilities Public transport Retail Stadiums and venues Traffi,,,Learning | eLearning | Blended learning | Learning portal Explore the learning portfolio. | Contact support | Where to buy,Access control | Axis Communications Skip to main content Solutions Solutions by industry Solutions by industry Connected technology for all industries Aviation Banking and finance Cargo and logistics Casinos Cities Commercial real estate Critical infrastructure Data centers Education Healthcare Hotels and restaurants Industrial Law enforcement Mar
www.axis.com,https://www.axis.com/products/accessories,Accessories,CCTV,CCTV; access control; security; AV/audio-visual; telecom/data; HVAC/mechanical; traffic/MUTCD,CCTV; access control; security; AV/audio-visual; telecom/data; HVAC/mechanical; traffic/MUTCD,,,,,,,download,Collections within ACCESSORIES Mounts All you need to complete your installation Power and connectivity All you need to power your system and connect its components Joysticks and keypads Modular control board for professional camera and video management Audio Peripherals Audio accessories for your system Storage media Reliable storage on hard drives or SD cards Illuminators White and infra-red LED illuminators Housings and cabinets Protective hou,Accessories | Axis Communications Skip to main content Solutions Solutions by industry Solutions by industry Connected technology for all industries Aviation Banking and finance Cargo and logistics Casinos Cities Commercial real estate Critical infrastructure Data centers Education Healthcare Hotels and restaurants Industrial Law enforcement Maritime Parking Prisons and correctional facilities Public transport Retail Stadiums and venues Traffic A,Accessories | Axis Communications Skip to main content Solutions Solutions by industry Solutions by industry Connected technology for all industries Aviation Banking and finance Cargo and logistics Casinos Cities Commercial real estate Critical infrastructure Data centers Education Healthcare Hotels and restaurants Industrial Law enforcement Maritime Parking Prisons and correctional facilities Public transport Retail Stadiums and venues Traffic A,,,Accessories | Axis Communications Skip to main content Solutions Solutions by industry Solutions by industry Connected technology for all industries Aviation Banking and finance Cargo and logistics Casinos Cities Commercial real estate Critical infrastructure Data centers Education Healthcare Hotels and restaurants Industrial Law enforcement Maritime Parking Prisons and correctional facilities Public transport Retail Stadiums and venues Traffic A,,,Learning | eLearning | Blended learning | Learning portal Explore the learning portfolio. | Contact support | Where to buy,Accessories | Axis Communications Skip to main content Solutions Solutions by industry Solutions by industry Connected technology for all industries Aviation Banking and finance Cargo and logistics Casinos Cities Commercial real estate Critical infrastructure Data centers Education Healthcare Hotels and restaurants Industrial Law enforcement Mariti
www.axis.com,https://www.axis.com/products/axis-device-manager-extend,AXIS Device Manager Extend,CCTV,CCTV; access control; security; AV/audio-visual; telecom/data; HVAC/mechanical; traffic/MUTCD,CCTV; access control; security; AV/audio-visual; telecom/data; HVAC/mechanical; traffic/MUTCD,,,,,,,download,log in my axis menu My Axis Account settings My Business (Partner web) Log out Open menu Close menu Management software Device management software AXIS Device Manager Extend Scalable device management from anywhere Remotely manage your Axis devices on all sites Verify device software version and push out upgrades in minutes Easy troubleshooting through dashboard view of device status View warranty and product discontinuation information Proactive,AXIS Device Manager Extend | Axis Communications Skip to main content Solutions Solutions by industry Solutions by industry Connected technology for all industries Aviation Banking and finance Cargo and logistics Casinos Cities Commercial real estate Critical infrastructure Data centers Education Healthcare Hotels and restaurants Industrial Law enforcement Maritime Parking Prisons and correctional facilities Public transport Retail Stadiums and v,AXIS Device Manager Extend | Axis Communications Skip to main content Solutions Solutions by industry Solutions by industry Connected technology for all industries Aviation Banking and finance Cargo and logistics Casinos Cities Commercial real estate Critical infrastructure Data centers Education Healthcare Hotels and restaurants Industrial Law enforcement Maritime Parking Prisons and correctional facilities Public transport Retail Stadiums and v,,,AXIS Device Manager Extend | Axis Communications Skip to main content Solutions Solutions by industry Solutions by industry Connected technology for all industries Aviation Banking and finance Cargo and logistics Casinos Cities Commercial real estate Critical infrastructure Data centers Education Healthcare Hotels and restaurants Industrial Law enforcement Maritime Parking Prisons and correctional facilities Public transport Retail Stadiums and v,,,Learning | eLearning | Blended learning | Learning portal Explore the learning portfolio. | Contact support | Where to buy,AXIS Device Manager Extend | Axis Communications Skip to main content Solutions Solutions by industry Solutions by industry Connected technology for all industries Aviation Banking and finance Cargo and logistics Casinos Cities Commercial real estate Critical infrastructure Data centers Education Healthcare Hotels and restaurants Industrial Law enf
www.axis.com,https://www.axis.com/products/axis-m1055-l,AXIS M1055-L Box Camera,CCTV,CCTV; access control; security; AV/audio-visual; telecom/data; HVAC/mechanical; traffic/MUTCD,CCTV; access control; security; AV/audio-visual; telecom/data; HVAC/mechanical; traffic/MUTCD,,,,,,,download,Use the filter to find compatible products. Filter by: Recommended Included All Type: All Cables & connectors Edge storage Environmental sensors Illuminators Media converters Mounts Portcast devices Power Switches Tools & extras Video decoders Show discontinued products View more View less Cables & connectors AXIS Long Range PoE Extender Kit Robust solution for covering long distances AXIS T8129 PoE Extender The smart solution for covering distan,AXIS M1055-L Box Camera | Axis Communications Skip to main content Solutions Solutions by industry Solutions by industry Connected technology for all industries Aviation Banking and finance Cargo and logistics Casinos Cities Commercial real estate Critical infrastructure Data centers Education Healthcare Hotels and restaurants Industrial Law enforcement Maritime Parking Prisons and correctional facilities Public transport Retail Stadiums and venu,AXIS M1055-L Box Camera | Axis Communications Skip to main content Solutions Solutions by industry Solutions by industry Connected technology for all industries Aviation Banking and finance Cargo and logistics Casinos Cities Commercial real estate Critical infrastructure Data centers Education Healthcare Hotels and restaurants Industrial Law enforcement Maritime Parking Prisons and correctional facilities Public transport Retail Stadiums and venu,,Want to buy Axis products? | Want to sell Axis products?,AXIS M1055-L Box Camera | Axis Communications Skip to main content Solutions Solutions by industry Solutions by industry Connected technology for all industries Aviation Banking and finance Cargo and logistics Casinos Cities Commercial real estate Critical infrastructure Data centers Education Healthcare Hotels and restaurants Industrial Law enforcement Maritime Parking Prisons and correctional facilities Public transport Retail Stadiums and venu,,,Learning | eLearning | Blended learning | Learning portal Explore the learning portfolio. | Contact support | Where to buy,AXIS M1055-L Box Camera | Axis Communications Skip to main content Solutions Solutions by industry Solutions by industry Connected technology for all industries Aviation Banking and finance Cargo and logistics Casinos Cities Commercial real estate Critical infrastructure Data centers Education Healthcare Hotels and restaurants Industrial Law enforc
www.avigilon.com,https://www.avigilon.com/ar/bluebeamrevu,Motorola Solutions Tool Chest for Bluebeam Revu,AV/audio-visual,AV/audio-visual; general Bluebeam workflow,AV/audio-visual; general Bluebeam workflow,Bluebeam Revu,,,,,,,Motorola Solutions Tool Chest for Bluebeam Revu Ø§ÙØªØ®Ø·Ù Ø¥ÙÙ Ø§ÙÙ Ø­ØªÙÙ Ø§ÙØ£Ø³Ø§Ø³Ù Ø§ÙÙ ÙØªØ¬Ø§Øª Ø±Ø¬ÙØ¹ Ø§ÙÙ ÙØªØ¬Ø§Øª Ø§ÙØªØ´Ù Avigilon Ø±Ø¬ÙØ¹ Ø§ÙØªØ´Ù Avigilon Ø§ÙØ¨Ø­Ø« Ø¹Ù Ø¬Ù ÙØ¹ Ø§ÙØ£Ø¬ÙØ²Ø© Ø§ÙØªØ´Ù Avigilon Ø±Ø¬ÙØ¹ Ø§ÙØªØ´Ù Avigilon Ø§ÙØ¨Ø­Ø« Ø¹Ù Ø¬Ù ÙØ¹ Ø§ÙØ£Ø¬ÙØ²Ø© Ø§ÙÙ Ø±Ø§ÙØ¨Ø© Ø¨Ø§ÙÙÙØ¯ÙÙ Ø±Ø¬ÙØ¹ Ø§ÙÙ Ø±Ø§ÙØ¨Ø© Ø¨Ø§ÙÙÙØ¯ÙÙ ÙØ¸Ø±Ø© Ø¹Ø§Ù Ø© Ø¹ÙÙ Ø§ÙÙØ§Ù ÙØ±Ø§Øª Ø£ÙØ¸Ù Ø©,,,,,Motorola Solutions Tool Chest for Bluebeam Revu Ø§ÙØªØ®Ø·Ù Ø¥ÙÙ Ø§ÙÙ Ø­ØªÙÙ Ø§ÙØ£Ø³Ø§Ø³Ù Ø§ÙÙ ÙØªØ¬Ø§Øª Ø±Ø¬ÙØ¹ Ø§ÙÙ ÙØªØ¬Ø§Øª Ø§ÙØªØ´Ù Avigilon Ø±Ø¬ÙØ¹ Ø§ÙØªØ´Ù Avigilon Ø§ÙØ¨Ø­Ø« Ø¹Ù Ø¬Ù ÙØ¹ Ø§ÙØ£Ø¬ÙØ²Ø© Ø§ÙØªØ´Ù Avigilon Ø±Ø¬ÙØ¹ Ø§ÙØªØ´Ù Avigilon Ø§ÙØ¨Ø­Ø« Ø¹Ù Ø¬Ù ÙØ¹ Ø§ÙØ£Ø¬ÙØ²Ø© Ø§ÙÙ Ø±Ø§ÙØ¨Ø© Ø¨Ø§ÙÙÙØ¯ÙÙ Ø±Ø¬ÙØ¹ Ø§ÙÙ Ø±Ø§ÙØ¨Ø© Ø¨Ø§ÙÙÙØ¯ÙÙ ÙØ¸Ø±Ø© Ø¹Ø§Ù Ø© Ø¹ÙÙ Ø§ÙÙØ§Ù ÙØ±Ø§Øª Ø£ÙØ¸Ù Ø©,,,,Motorola Solutions Tool Chest for Bluebeam Revu Ø§ÙØªØ®Ø·Ù Ø¥ÙÙ Ø§ÙÙ Ø­ØªÙÙ Ø§ÙØ£Ø³Ø§Ø³Ù Ø§ÙÙ ÙØªØ¬Ø§Øª Ø±Ø¬ÙØ¹ Ø§ÙÙ ÙØªØ¬Ø§Øª Ø§ÙØªØ´Ù Avigilon Ø±Ø¬ÙØ¹ Ø§ÙØªØ´Ù Avigilon Ø§ÙØ¨Ø­Ø« Ø¹Ù Ø¬Ù ÙØ¹ Ø§ÙØ£Ø¬ÙØ²Ø© Ø§ÙØªØ´Ù Avigilon Ø±Ø¬ÙØ¹ Ø§ÙØªØ´Ù Avigilon Ø§ÙØ¨Ø­Ø« Ø¹Ù Ø¬Ù ÙØ¹ Ø§ÙØ£Ø¬ÙØ²Ø© Ø§ÙÙ Ø±Ø§ÙØ¨Ø© Ø¨Ø§ÙÙÙØ¯Ù
www.avigilon.com,https://www.avigilon.com/br/bluebeamrevu,Motorola Solutions Tool Chest for Bluebeam Revu,electrical,electrical; fire alarm; security; AV/audio-visual; traffic/MUTCD; general Bluebeam workflow,electrical; fire alarm; security; AV/audio-visual; traffic/MUTCD; general Bluebeam workflow,Bluebeam Revu,,,,,,download,Motorola Solutions Tool Chest for Bluebeam Revu Pular para o conteÃºdo principal Produtos Voltar Produtos ConheÃ§a a Avigilon Voltar ConheÃ§a a Avigilon Ecossistema da Motorola Solutions IntegraÃ§Ãµes Pesquisar todo o hardware ConheÃ§a a Avigilon Voltar ConheÃ§a a Avigilon Ecossistema da Motorola Solutions IntegraÃ§Ãµes Pesquisar todo o hardware SeguranÃ§a por vÃ­deo Voltar SeguranÃ§a por vÃ­deo VisÃ£o geral das cÃ¢meras Gerenciamento de vÃ­deo D,,,,Tem dÃºvidas? NÃ³s podemos ajudar.,Encontre um parceiro Parceiros de canal Voltar Parceiros de canal Portal de parceiros VisÃ£o geral do programa Torne-se um parceiro Parceiros de canal Voltar Parceiros de canal Portal de parceiros VisÃ£o geral do programa Torne-se um parceiro Distribuidores Voltar Distribuidores Torne-se um distribuidor Encontre um distribuidor Distribuidores Voltar Distribuidores Torne-se um distribuidor Encontre um distribuidor Arquitetos e engenheiros Voltar A,,,Download de software | FaÃ§a o download do Tool Chest,Motorola Solutions Tool Chest for Bluebeam Revu Pular para o conteÃºdo principal Produtos Voltar Produtos ConheÃ§a a Avigilon Voltar ConheÃ§a a Avigilon Ecossistema da Motorola Solutions IntegraÃ§Ãµes Pesquisar todo o hardware ConheÃ§a a Avigilon Voltar ConheÃ§a a Avigilon Ecossistema da Motorola Solutions IntegraÃ§Ãµes Pesquisar todo o hardware Se
www.avigilon.com,https://www.avigilon.com/de/bluebeamrevu,Motorola Solutions Tool Chest fÃ¼r Bluebeam Revu,electrical,electrical; fire alarm; CCTV; security; AV/audio-visual; general Bluebeam workflow,electrical; fire alarm; CCTV; security; AV/audio-visual; general Bluebeam workflow,Bluebeam Revu,,,,,,download,Motorola Solutions Tool Chest fÃ¼r Bluebeam Revu Zum Hauptinhalt Produkte ZurÃ¼ck Produkte Avigilon entdecken ZurÃ¼ck Avigilon entdecken Alta Cloud-Sicherheit Unity On-Prem-Sicherheit Motorola Solutions-Ãkosystem Integrationen Gesamte Hardware durchsuchen Avigilon entdecken ZurÃ¼ck Avigilon entdecken Alta Cloud-Sicherheit Unity On-Prem-Sicherheit Motorola Solutions-Ãkosystem Integrationen Gesamte Hardware durchsuchen VideoÃ¼berwachung ZurÃ¼ck V,"Leitfaden herunterladen A&E-Community von Avigilon Entwerfen Sie nahtlose, integrierte SicherheitslÃ¶sungen mit unseren A&E-Tools und -Ressourcen, um die Sicherheitsanforderungen der Endbenutzer zu erfÃ¼llen.",,,Haben Sie Fragen? Wir kÃ¶nnen helfen.,Holen Sie sich Ihren Leitfaden Ressourcen ZurÃ¼ck Ressourcen Softwaredownload Produktdokumentation Lizenzierungsportal Benutzerschulung Ressourcen ZurÃ¼ck Ressourcen Softwaredownload Produktdokumentation Lizenzierungsportal Benutzerschulung Wert ZurÃ¼ck Wert Artikel und Blogs Checkliste fÃ¼r Sicherheitsaudits Leitfaden fÃ¼r kommerzielle Kameras Newsletter abonnieren Wert ZurÃ¼ck Wert Artikel und Blogs Checkliste fÃ¼r Sicherheitsaudits Leitfaden f,,,Softwaredownload,Motorola Solutions Tool Chest fÃ¼r Bluebeam Revu Zum Hauptinhalt Produkte ZurÃ¼ck Produkte Avigilon entdecken ZurÃ¼ck Avigilon entdecken Alta Cloud-Sicherheit Unity On-Prem-Sicherheit Motorola Solutions-Ãkosystem Integrationen Gesamte Hardware durchsuchen Avigilon entdecken ZurÃ¼ck Avigilon entdecken Alta Cloud-Sicherheit Unity On-Prem-Sicherheit
www.pelco.com,https://www.pelco.com/ar/bluebeamrevu,ØµÙØ¯ÙÙ Ø£Ø¯ÙØ§Øª Ø¨Ø±ÙØ§Ù Ø¬ Bluebeam Revu Ù Ù Motorola Solutions,general Bluebeam workflow,general Bluebeam workflow,general Bluebeam workflow,Bluebeam Revu,,,,,,,ØµÙØ¯ÙÙ Ø£Ø¯ÙØ§Øª Ø¨Ø±ÙØ§Ù Ø¬ Bluebeam Revu Ù Ù Motorola Solutions Ø§ÙØªØ®Ø·Ù Ø¥ÙÙ Ø§ÙÙ Ø­ØªÙÙ Ø§ÙØ£Ø³Ø§Ø³Ù Ø§ÙÙ ÙØªØ¬Ø§Øª Ø§ÙØ£Ø¬ÙØ²Ø© ÙØ¸Ø±Ø© Ø¹Ø§Ù Ø© Ø¹ÙÙ Ø§ÙÙØ§Ù ÙØ±Ø§Øª ÙØ§Ù ÙØ±Ø§Øª Ø¹ÙÙ Ø´ÙÙ ÙØ¨Ø© ÙØ§Ù ÙØ±Ø§Øª Bullet ÙBox ÙØ§Ù ÙØ±Ø§Øª Ø§ÙØªØ¯ÙÙØ±Ø ÙØ§ÙØ¥Ù Ø§ÙØ©Ø ÙØ§ÙØªÙØ¨ÙØ±/Ø§ÙØªØµØºÙØ± Ø§ÙÙØ§Ù ÙØ±Ø§Øª Ø§ÙØ¨Ø§ÙÙØ±Ø§Ù ÙØ© ÙØ§Ù ÙØ±Ø§Øª Ù ØªØ®ØµØµØ© Ø§ÙÙ Ø³ØªØ´Ø¹Ø± Ø§ÙØ°ÙÙ Ø§ÙÙ ,,,,,,,,,ØµÙØ¯ÙÙ Ø£Ø¯ÙØ§Øª Ø¨Ø±ÙØ§Ù Ø¬ Bluebeam Revu Ù Ù Motorola Solutions Ø§ÙØªØ®Ø·Ù Ø¥ÙÙ Ø§ÙÙ Ø­ØªÙÙ Ø§ÙØ£Ø³Ø§Ø³Ù Ø§ÙÙ ÙØªØ¬Ø§Øª Ø§ÙØ£Ø¬ÙØ²Ø© ÙØ¸Ø±Ø© Ø¹Ø§Ù Ø© Ø¹ÙÙ Ø§ÙÙØ§Ù ÙØ±Ø§Øª ÙØ§Ù ÙØ±Ø§Øª Ø¹ÙÙ Ø´ÙÙ ÙØ¨Ø© ÙØ§Ù ÙØ±Ø§Øª Bullet ÙBox ÙØ§Ù ÙØ±Ø§Øª Ø§ÙØªØ¯ÙÙØ±Ø ÙØ§ÙØ¥Ù Ø§ÙØ©Ø ÙØ§ÙØªÙØ¨ÙØ±/Ø§ÙØªØµØºÙØ± Ø§Ù
www.pelco.com,https://www.pelco.com/br/bluebeamrevu,Motorola Solutions Tool Chest para Bluebeam Revu,fire alarm,fire alarm; security; general Bluebeam workflow,fire alarm; security; general Bluebeam workflow,Bluebeam Revu,,,,,,download,"Motorola Solutions Tool Chest para Bluebeam Revu Pular para o conteÃºdo principal Produtos Dispositivos VisÃ£o geral das cÃ¢meras CÃ¢meras dome CÃ¢meras bullet e box CÃ¢mera com panorÃ¢mica, inclinaÃ§Ã£o e zoom CÃ¢meras panorÃ¢micas CÃ¢meras especiais Sensor inteligente AcessÃ³rios Pesquisar todos os dispositivos Recursos de seguranÃ§a Baixa iluminaÃ§Ã£o TÃ©rmica Ã prova de explosÃ£o Clima extremo ServiÃ§o pesado Reconhecimento de placas de veÃ­",,,,,,,,,"Motorola Solutions Tool Chest para Bluebeam Revu Pular para o conteÃºdo principal Produtos Dispositivos VisÃ£o geral das cÃ¢meras CÃ¢meras dome CÃ¢meras bullet e box CÃ¢mera com panorÃ¢mica, inclinaÃ§Ã£o e zoom CÃ¢meras panorÃ¢micas CÃ¢meras especiais Sensor inteligente AcessÃ³rios Pesquisar todos os dispositivos Recursos de seguranÃ§a Baixa ilumin"
www.pelco.com,https://www.pelco.com/es/bluebeamrevu,Tool Chest de Motorola Solutions para Bluebeam Revu,fire alarm,fire alarm; CCTV; security; AV/audio-visual; HVAC/mechanical; general Bluebeam workflow,fire alarm; CCTV; security; AV/audio-visual; HVAC/mechanical; general Bluebeam workflow,Bluebeam Revu,,,,,,,"Tool Chest de Motorola Solutions para Bluebeam Revu Ir al contenido principal Productos Dispositivos VisiÃ³n general de las cÃ¡maras CÃ¡maras tipo domo CÃ¡maras bullet y box CÃ¡maras con barridos horizontales, verticales y zoom CÃ¡maras panorÃ¡micas CÃ¡maras especializadas Sensor inteligente Accesorios Buscar todos los dispositivos Funciones de seguridad Poca luz TÃ©rmica A prueba de explosiones Clima extremo Alta resistencia Reconocimiento de ma",,,,,,,,Contactar al equipo de soporte | Contactos de medios,"Tool Chest de Motorola Solutions para Bluebeam Revu Ir al contenido principal Productos Dispositivos VisiÃ³n general de las cÃ¡maras CÃ¡maras tipo domo CÃ¡maras bullet y box CÃ¡maras con barridos horizontales, verticales y zoom CÃ¡maras panorÃ¡micas CÃ¡maras especializadas Sensor inteligente Accesorios Buscar todos los dispositivos Funciones de seg"
www.pelco.com,https://www.pelco.com/it/bluebeamrevu,Tool Chest di Motorola Solutions per Bluebeam Revu,CCTV,CCTV; security; traffic/MUTCD; general Bluebeam workflow,CCTV; security; traffic/MUTCD; general Bluebeam workflow,Bluebeam Revu,,,,,,,Tool Chest di Motorola Solutions per Bluebeam Revu Passa al contenuto principale Prodotti Dispositivi Panoramica delle telecamere Telecamere dome Telecamere bullet e box Telecamere con brandeggio orizzontale-verticale e zoom Telecamere panoramiche Telecamere speciali Sistema di risposta alle emergenze Sensore intelligente Accessori Cerca tutti i dispositivi CapacitÃ di sicurezza Illuminazione ridotta Termica Resistenti alle esplosioni Condizioni ,,,,,Richiedete la vostra guida Risorse Centro documenti Aggiornamenti software/firmware Camera Configuration Tool Prodotti a fine vita Confronta le telecamere Approfondimenti Blog & articoli Iscriviti alla newsletter Assistenza Contatta l'assistenza Community di supporto Richiesta account RMA Partner Partner di canale Panoramica del programma Accesso al portale partner Diventa un partner Trova distributori globali Architetti e ingegneri Panoramica de,,,,Tool Chest di Motorola Solutions per Bluebeam Revu Passa al contenuto principale Prodotti Dispositivi Panoramica delle telecamere Telecamere dome Telecamere bullet e box Telecamere con brandeggio orizzontale-verticale e zoom Telecamere panoramiche Telecamere speciali Sistema di risposta alle emergenze Sensore intelligente Accessori Cerca tutti i di
www.cadgroup.com.au,https://www.cadgroup.com.au/autodesk-aec-collection/,Autodesk AEC Collection,electrical,electrical; AV/audio-visual; telecom/data; HVAC/mechanical; structural; traffic/MUTCD; estimating/takeoff; general Bluebeam workflow,electrical; AV/audio-visual; telecom/data; HVAC/mechanical; structural; traffic/MUTCD; estimating/takeoff; general Bluebeam workflow,Bluebeam Revu,,,,,,,"Autodesk AEC Collection - BIM & CAD Software | Cadgroup Menu Services Products Training Support Contact Support Contact Us Services Onboarding Configuration Customisation Premium Services BPA Products Architecture, Engineering and Construction The AEC Collection Revit Bluebeam Civil 3D AutoCAD Construction Autodesk Forma (formerly known as Autodesk Construction Cloud) Forma Design Collaborate Forma Takeoff Forma Build Forma Data Management Estima","Autodesk AEC Collection - BIM & CAD Software | Cadgroup Menu Services Products Training Support Contact Support Contact Us Services Onboarding Configuration Customisation Premium Services BPA Products Architecture, Engineering and Construction The AEC Collection Revit Bluebeam Civil 3D AutoCAD Construction Autodesk Forma (formerly known as Autodesk Construction Cloud) Forma Design Collaborate Forma Takeoff Forma Build Forma Data Management Estima",,,"Interested in the AEC Collection? | What is the Architecture, Engineering & Construction Collection?","Autodesk AEC Collection - BIM & CAD Software | Cadgroup Menu Services Products Training Support Contact Support Contact Us Services Onboarding Configuration Customisation Premium Services BPA Products Architecture, Engineering and Construction The AEC Collection Revit Bluebeam Civil 3D AutoCAD Construction Autodesk Forma (formerly known as Autodesk Construction Cloud) Forma Design Collaborate Forma Takeoff Forma Build Forma Data Management Estima",,,Contact | Contact Us | Learning Management System,"Autodesk AEC Collection - BIM & CAD Software | Cadgroup Menu Services Products Training Support Contact Support Contact Us Services Onboarding Configuration Customisation Premium Services BPA Products Architecture, Engineering and Construction The AEC Collection Revit Bluebeam Civil 3D AutoCAD Construction Autodesk Forma (formerly known as Autodesk"
www.cadgroup.com.au,https://www.cadgroup.com.au/autodesk-pdm-collection/,Autodesk PDM Collection,electrical,electrical; AV/audio-visual; telecom/data; HVAC/mechanical; traffic/MUTCD; estimating/takeoff; general Bluebeam workflow,electrical; AV/audio-visual; telecom/data; HVAC/mechanical; traffic/MUTCD; estimating/takeoff; general Bluebeam workflow,Bluebeam Revu,,,,,,,"Autodesk PDM Collection (PDMC) - Engineering Software | Cadgroup Menu Services Products Training Support Contact Support Contact Us Services Onboarding Configuration Customisation Premium Services BPA Products Architecture, Engineering and Construction The AEC Collection Revit Bluebeam Civil 3D AutoCAD Construction Autodesk Forma (formerly known as Autodesk Construction Cloud) Forma Design Collaborate Forma Takeoff Forma Build Forma Data Manageme","Products Included in the Autodesk PDM Collection Mechanical design and 3D CAD software. Subscription includes AutoCAD, specialized toolsets, and apps.","Compare Editions Free Subscription Benefits with each license It is possible to directly purchase and use solutions provided by Autodesk, so why do companies choose Cadgroup as their design partner?",,Interested in the Product Design & Manufacturing Collection? | What is the Product Design and Manufacturing Collection (Autodesk PDMC)?,"Autodesk PDM Collection (PDMC) - Engineering Software | Cadgroup Menu Services Products Training Support Contact Support Contact Us Services Onboarding Configuration Customisation Premium Services BPA Products Architecture, Engineering and Construction The AEC Collection Revit Bluebeam Civil 3D AutoCAD Construction Autodesk Forma (formerly known as Autodesk Construction Cloud) Forma Design Collaborate Forma Takeoff Forma Build Forma Data Manageme",,,Contact | Contact Us | Learning Management System | Learn More About Our Subscription Benefits,"Autodesk PDM Collection (PDMC) - Engineering Software | Cadgroup Menu Services Products Training Support Contact Support Contact Us Services Onboarding Configuration Customisation Premium Services BPA Products Architecture, Engineering and Construction The AEC Collection Revit Bluebeam Civil 3D AutoCAD Construction Autodesk Forma (formerly known as"
www.cadgroup.com.au,https://www.cadgroup.com.au/bluebeam-revu/,PDF Collaboration Software for Construction – Bluebeam,AV/audio-visual,AV/audio-visual; telecom/data; HVAC/mechanical; traffic/MUTCD; estimating/takeoff; general Bluebeam workflow; free samples,AV/audio-visual; telecom/data; HVAC/mechanical; traffic/MUTCD; estimating/takeoff; general Bluebeam workflow; free samples,Bluebeam Revu,,,,,,,"Bluebeam Revu Software & Support - Gold Partner | Cadgroup Menu Services Products Training Support Contact Support Contact Us Services Onboarding Configuration Customisation Premium Services BPA Products Architecture, Engineering and Construction The AEC Collection Revit Bluebeam Civil 3D AutoCAD Construction Autodesk Forma (formerly known as Autodesk Construction Cloud) Forma Design Collaborate Forma Takeoff Forma Build Forma Data Management Est","Communicate clearly Show what you need to say with best-in-class markup and measurement tools. Optimise processes Set standards, streamline workflows and speed up everyday tasks with process-efficiency tools.",,,Why Bluebeam?,"Bluebeam Revu Software & Support - Gold Partner | Cadgroup Menu Services Products Training Support Contact Support Contact Us Services Onboarding Configuration Customisation Premium Services BPA Products Architecture, Engineering and Construction The AEC Collection Revit Bluebeam Civil 3D AutoCAD Construction Autodesk Forma (formerly known as Autodesk Construction Cloud) Forma Design Collaborate Forma Takeoff Forma Build Forma Data Management Est",,,"Contact | Contact Us | Learning Management System | Buy Bluebeam | Try It Free! | Basics For simple markups, document management and collaboration. PDF creation, viewing, editing and markups Measure length and area (no perimeter) Participate in Studio collaborations Buy Now | Core Professional markups, measurements, collaboration. Specialised markup tools for 2D/3D PDFs Measure perimeters, counts, angles, volume Overlay and batch compare drawings Buy Now","Bluebeam Revu Software & Support - Gold Partner | Cadgroup Menu Services Products Training Support Contact Support Contact Us Services Onboarding Configuration Customisation Premium Services BPA Products Architecture, Engineering and Construction The AEC Collection Revit Bluebeam Civil 3D AutoCAD Construction Autodesk Forma (formerly known as Autod"
www.cadgroup.com.au,https://www.cadgroup.com.au/category/knowledge-base/bluebeam/,Bluebeam,telecom/data,telecom/data; HVAC/mechanical; traffic/MUTCD; estimating/takeoff; general Bluebeam workflow; tutorials/how-to guides,telecom/data; HVAC/mechanical; traffic/MUTCD; estimating/takeoff; general Bluebeam workflow; tutorials/how-to guides,Bluebeam Revu,,,,,,,"Bluebeam Archives – Cadgroup Menu Services Products Training Support Contact Support Contact Us Services Onboarding Configuration Customisation Premium Services BPA Products Architecture, Engineering and Construction The AEC Collection Revit Bluebeam Civil 3D AutoCAD Construction Autodesk Forma (formerly known as Autodesk Construction Cloud) Forma Design Collaborate Forma Takeoff Forma Build Forma Data Management Estimating - PreConstruction Hydr","Bluebeam Archives – Cadgroup Menu Services Products Training Support Contact Support Contact Us Services Onboarding Configuration Customisation Premium Services BPA Products Architecture, Engineering and Construction The AEC Collection Revit Bluebeam Civil 3D AutoCAD Construction Autodesk Forma (formerly known as Autodesk Construction Cloud) Forma Design Collaborate Forma Takeoff Forma Build Forma Data Management Estimating - PreConstruction Hydr",,,,"Bluebeam Archives – Cadgroup Menu Services Products Training Support Contact Support Contact Us Services Onboarding Configuration Customisation Premium Services BPA Products Architecture, Engineering and Construction The AEC Collection Revit Bluebeam Civil 3D AutoCAD Construction Autodesk Forma (formerly known as Autodesk Construction Cloud) Forma Design Collaborate Forma Takeoff Forma Build Forma Data Management Estimating - PreConstruction Hydr",,,Contact | Contact Us | Learning Management System,"Bluebeam Archives – Cadgroup Menu Services Products Training Support Contact Support Contact Us Services Onboarding Configuration Customisation Premium Services BPA Products Architecture, Engineering and Construction The AEC Collection Revit Bluebeam Civil 3D AutoCAD Construction Autodesk Forma (formerly known as Autodesk Construction Cloud) Forma"
www.cadgroup.com.au,https://www.cadgroup.com.au/category/products/,Products,telecom/data,telecom/data; HVAC/mechanical; traffic/MUTCD; estimating/takeoff; general Bluebeam workflow; tutorials/how-to guides,telecom/data; HVAC/mechanical; traffic/MUTCD; estimating/takeoff; general Bluebeam workflow; tutorials/how-to guides,Bluebeam Revu,,,,,,,"CAD & BIM Software Products | Cadgroup Australia Menu Services Products Training Support Contact Support Contact Us Services Onboarding Configuration Customisation Premium Services BPA Products Architecture, Engineering and Construction The AEC Collection Revit Bluebeam Civil 3D AutoCAD Construction Autodesk Forma (formerly known as Autodesk Construction Cloud) Forma Design Collaborate Forma Takeoff Forma Build Forma Data Management Estimating - ",,,,,"CAD & BIM Software Products | Cadgroup Australia Menu Services Products Training Support Contact Support Contact Us Services Onboarding Configuration Customisation Premium Services BPA Products Architecture, Engineering and Construction The AEC Collection Revit Bluebeam Civil 3D AutoCAD Construction Autodesk Forma (formerly known as Autodesk Construction Cloud) Forma Design Collaborate Forma Takeoff Forma Build Forma Data Management Estimating - ",,,Contact | Contact Us | Learning Management System,"CAD & BIM Software Products | Cadgroup Australia Menu Services Products Training Support Contact Support Contact Us Services Onboarding Configuration Customisation Premium Services BPA Products Architecture, Engineering and Construction The AEC Collection Revit Bluebeam Civil 3D AutoCAD Construction Autodesk Forma (formerly known as Autodesk Constr"
www.cadgroup.com.au,https://www.cadgroup.com.au/support/,Support,electrical,electrical; AV/audio-visual; telecom/data; HVAC/mechanical; traffic/MUTCD; estimating/takeoff; general Bluebeam workflow; tutorials/how-to guides,electrical; AV/audio-visual; telecom/data; HVAC/mechanical; traffic/MUTCD; estimating/takeoff; general Bluebeam workflow; tutorials/how-to guides,Bluebeam Revu,,,,,,download,"Support & Training - CAD Solutions | Cadgroup Australia Menu Services Products Training Support Contact Support Contact Us Services Onboarding Configuration Customisation Premium Services BPA Products Architecture, Engineering and Construction The AEC Collection Revit Bluebeam Civil 3D AutoCAD Construction Autodesk Forma (formerly known as Autodesk Construction Cloud) Forma Design Collaborate Forma Takeoff Forma Build Forma Data Management Estima",,,,Interested in our Support Services? | Interested in Cadgroup’s Support Services?,"Support & Training - CAD Solutions | Cadgroup Australia Menu Services Products Training Support Contact Support Contact Us Services Onboarding Configuration Customisation Premium Services BPA Products Architecture, Engineering and Construction The AEC Collection Revit Bluebeam Civil 3D AutoCAD Construction Autodesk Forma (formerly known as Autodesk Construction Cloud) Forma Design Collaborate Forma Takeoff Forma Build Forma Data Management Estima",,,Contact | Contact Us | Learning Management System | Contact us,"Support & Training - CAD Solutions | Cadgroup Australia Menu Services Products Training Support Contact Support Contact Us Services Onboarding Configuration Customisation Premium Services BPA Products Architecture, Engineering and Construction The AEC Collection Revit Bluebeam Civil 3D AutoCAD Construction Autodesk Forma (formerly known as Autodesk"
www.cadgroup.com.au,https://www.cadgroup.com.au/training/bluebeam/,Bluebeam Online Training,AV/audio-visual,AV/audio-visual; telecom/data; HVAC/mechanical; architectural; traffic/MUTCD; estimating/takeoff; general Bluebeam workflow,AV/audio-visual; telecom/data; HVAC/mechanical; architectural; traffic/MUTCD; estimating/takeoff; general Bluebeam workflow,Bluebeam Revu,,,,,,,"Bluebeam Training – Cadgroup Menu Services Products Training Support Contact Support Contact Us Services Onboarding Configuration Customisation Premium Services BPA Products Architecture, Engineering and Construction The AEC Collection Revit Bluebeam Civil 3D AutoCAD Construction Autodesk Forma (formerly known as Autodesk Construction Cloud) Forma Design Collaborate Forma Takeoff Forma Build Forma Data Management Estimating - PreConstruction Hydr",Topics covered include: Navigation Document manipulation Scale and calibration Markup tools Properties toolbar Tool chest Markups list Stamps Bluebeam studio Prerequisites: Attendees will need a working knowledge of computers and experience with the Windows operating system.,,,,"Bluebeam Training – Cadgroup Menu Services Products Training Support Contact Support Contact Us Services Onboarding Configuration Customisation Premium Services BPA Products Architecture, Engineering and Construction The AEC Collection Revit Bluebeam Civil 3D AutoCAD Construction Autodesk Forma (formerly known as Autodesk Construction Cloud) Forma Design Collaborate Forma Takeoff Forma Build Forma Data Management Estimating - PreConstruction Hydr",,,Contact | Contact Us | Learning Management System,"Bluebeam Training – Cadgroup Menu Services Products Training Support Contact Support Contact Us Services Onboarding Configuration Customisation Premium Services BPA Products Architecture, Engineering and Construction The AEC Collection Revit Bluebeam Civil 3D AutoCAD Construction Autodesk Forma (formerly known as Autodesk Construction Cloud) Forma"
