keyword,intent,buyer_stage,page_target,difficulty_proxy,commercial_value_proxy,source_evidence,recommended_url,recommended_title,recommended_h1
bluebeam electrical tool set,commercial,consideration,electrical,medium,high,https://markuptoolsets.com/ | https://markuptoolsets.com/collections/tool-sets-for-bluebeam-tool-sets | https://markuptoolsets.com/collections/bluebeam-revu-drawing-tool-sets,/bluebeam-electrical-tool-set/,Bluebeam Electrical Tool Set,Bluebeam Electrical Tool Set
bluebeam electrical symbols,commercial,consideration,electrical,medium,high,https://markuptoolsets.com/ | https://markuptoolsets.com/collections/tool-sets-for-bluebeam-tool-sets | https://markuptoolsets.com/collections/bluebeam-revu-drawing-tool-sets,/bluebeam-electrical-tool-set/,Bluebeam Electrical Tool Set,Bluebeam Electrical Tool Set
download electrical bluebeam tools,transactional,decision,electrical,medium,high,https://markuptoolsets.com/ | https://markuptoolsets.com/collections/tool-sets-for-bluebeam-tool-sets | https://markuptoolsets.com/collections/bluebeam-revu-drawing-tool-sets,/bluebeam-electrical-tool-set/,Bluebeam Electrical Tool Set,Bluebeam Electrical Tool Set
bluebeam fire alarm tool set,commercial,consideration,fire alarm,medium,high,https://markuptoolsets.com/ | https://markuptoolsets.com/collections/tool-sets-for-bluebeam-tool-sets | https://markuptoolsets.com/collections/bluebeam-revu-drawing-tool-sets,/bluebeam-fire-alarm-symbols/,Bluebeam Fire Alarm Symbols,Bluebeam Fire Alarm Symbols
bluebeam fire alarm symbols,commercial,consideration,fire alarm,medium,high,https://markuptoolsets.com/ | https://markuptoolsets.com/collections/tool-sets-for-bluebeam-tool-sets | https://markuptoolsets.com/collections/bluebeam-revu-drawing-tool-sets,/bluebeam-fire-alarm-symbols/,Bluebeam Fire Alarm Symbols,Bluebeam Fire Alarm Symbols
download fire alarm bluebeam tools,transactional,decision,fire alarm,medium,high,https://markuptoolsets.com/ | https://markuptoolsets.com/collections/tool-sets-for-bluebeam-tool-sets | https://markuptoolsets.com/collections/bluebeam-revu-drawing-tool-sets,/bluebeam-fire-alarm-symbols/,Bluebeam Fire Alarm Symbols,Bluebeam Fire Alarm Symbols
bluebeam cctv tool set,commercial,consideration,CCTV,medium,high,https://university.bluebeam.com/how-to-modify-and-organize-tool-sets | https://university.bluebeam.com/how-to-tool-chest | https://markuptoolsets.com/,/bluebeam-cctv-tool-set/,Bluebeam CCTV Tool Set,Bluebeam CCTV Tool Set
bluebeam cctv symbols,commercial,consideration,CCTV,medium,high,https://university.bluebeam.com/how-to-modify-and-organize-tool-sets | https://university.bluebeam.com/how-to-tool-chest | https://markuptoolsets.com/,/bluebeam-cctv-tool-set/,Bluebeam CCTV Tool Set,Bluebeam CCTV Tool Set
download cctv bluebeam tools,transactional,decision,CCTV,medium,high,https://university.bluebeam.com/how-to-modify-and-organize-tool-sets | https://university.bluebeam.com/how-to-tool-chest | https://markuptoolsets.com/,/bluebeam-cctv-tool-set/,Bluebeam CCTV Tool Set,Bluebeam CCTV Tool Set
bluebeam access control tool set,commercial,consideration,access control,medium,high,https://markuptoolsets.com/ | https://markuptoolsets.com/collections/tool-sets-for-bluebeam-tool-sets | https://markuptoolsets.com/collections/bluebeam-revu-drawing-tool-sets,/bluebeam-access-control-symbols/,Bluebeam Access Control Symbols,Bluebeam Access Control Symbols
bluebeam access control symbols,commercial,consideration,access control,medium,high,https://markuptoolsets.com/ | https://markuptoolsets.com/collections/tool-sets-for-bluebeam-tool-sets | https://markuptoolsets.com/collections/bluebeam-revu-drawing-tool-sets,/bluebeam-access-control-symbols/,Bluebeam Access Control Symbols,Bluebeam Access Control Symbols
download access control bluebeam tools,transactional,decision,access control,medium,high,https://markuptoolsets.com/ | https://markuptoolsets.com/collections/tool-sets-for-bluebeam-tool-sets | https://markuptoolsets.com/collections/bluebeam-revu-drawing-tool-sets,/bluebeam-access-control-symbols/,Bluebeam Access Control Symbols,Bluebeam Access Control Symbols
bluebeam security tool set,commercial,consideration,security,medium,high,https://markuptoolsets.com/ | https://markuptoolsets.com/collections/tool-sets-for-bluebeam-tool-sets | https://markuptoolsets.com/collections/bluebeam-revu-drawing-tool-sets,/bluebeam-security-tool-set/,Bluebeam Security Tool Set,Bluebeam Security Tool Set
bluebeam security symbols,commercial,consideration,security,medium,high,https://markuptoolsets.com/ | https://markuptoolsets.com/collections/tool-sets-for-bluebeam-tool-sets | https://markuptoolsets.com/collections/bluebeam-revu-drawing-tool-sets,/bluebeam-security-tool-set/,Bluebeam Security Tool Set,Bluebeam Security Tool Set
download security bluebeam tools,transactional,decision,security,medium,high,https://markuptoolsets.com/ | https://markuptoolsets.com/collections/tool-sets-for-bluebeam-tool-sets | https://markuptoolsets.com/collections/bluebeam-revu-drawing-tool-sets,/bluebeam-security-tool-set/,Bluebeam Security Tool Set,Bluebeam Security Tool Set
bluebeam av tool set,commercial,consideration,AV/audio-visual,medium,high,https://university.bluebeam.com/how-to-tool-chest | https://markuptoolsets.com/ | https://markuptoolsets.com/collections/tool-sets-for-bluebeam-tool-sets,/bluebeam-av-data-symbols/,Bluebeam AV and Data Symbols,Bluebeam AV and Data Symbols
bluebeam av symbols,commercial,consideration,AV/audio-visual,medium,high,https://university.bluebeam.com/how-to-tool-chest | https://markuptoolsets.com/ | https://markuptoolsets.com/collections/tool-sets-for-bluebeam-tool-sets,/bluebeam-av-data-symbols/,Bluebeam AV and Data Symbols,Bluebeam AV and Data Symbols
download av bluebeam tools,transactional,decision,AV/audio-visual,medium,high,https://university.bluebeam.com/how-to-tool-chest | https://markuptoolsets.com/ | https://markuptoolsets.com/collections/tool-sets-for-bluebeam-tool-sets,/bluebeam-av-data-symbols/,Bluebeam AV and Data Symbols,Bluebeam AV and Data Symbols
bluebeam telecom/data tool set,commercial,consideration,telecom/data,medium,high,https://markuptoolsets.com/ | https://markuptoolsets.com/collections/tool-sets-for-bluebeam-tool-sets | https://markuptoolsets.com/collections/bluebeam-revu-drawing-tool-sets,/bluebeam-telecom-tool-set/,Bluebeam Telecom Tool Set,Bluebeam Telecom Tool Set
bluebeam telecom/data symbols,commercial,consideration,telecom/data,medium,high,https://markuptoolsets.com/ | https://markuptoolsets.com/collections/tool-sets-for-bluebeam-tool-sets | https://markuptoolsets.com/collections/bluebeam-revu-drawing-tool-sets,/bluebeam-telecom-tool-set/,Bluebeam Telecom Tool Set,Bluebeam Telecom Tool Set
download telecom/data bluebeam tools,transactional,decision,telecom/data,medium,high,https://markuptoolsets.com/ | https://markuptoolsets.com/collections/tool-sets-for-bluebeam-tool-sets | https://markuptoolsets.com/collections/bluebeam-revu-drawing-tool-sets,/bluebeam-telecom-tool-set/,Bluebeam Telecom Tool Set,Bluebeam Telecom Tool Set
bluebeam lighting tool set,commercial,consideration,lighting,medium,high,https://markuptoolsets.com/ | https://markuptoolsets.com/collections/tool-sets-for-bluebeam-tool-sets | https://markuptoolsets.com/collections/bluebeam-revu-drawing-tool-sets,/bluebeam-lighting-symbols/,Bluebeam Lighting Symbols,Bluebeam Lighting Symbols
bluebeam lighting symbols,commercial,consideration,lighting,medium,high,https://markuptoolsets.com/ | https://markuptoolsets.com/collections/tool-sets-for-bluebeam-tool-sets | https://markuptoolsets.com/collections/bluebeam-revu-drawing-tool-sets,/bluebeam-lighting-symbols/,Bluebeam Lighting Symbols,Bluebeam Lighting Symbols
download lighting bluebeam tools,transactional,decision,lighting,medium,high,https://markuptoolsets.com/ | https://markuptoolsets.com/collections/tool-sets-for-bluebeam-tool-sets | https://markuptoolsets.com/collections/bluebeam-revu-drawing-tool-sets,/bluebeam-lighting-symbols/,Bluebeam Lighting Symbols,Bluebeam Lighting Symbols
bluebeam hvac tool set,commercial,consideration,HVAC/mechanical,medium,high,https://markuptoolsets.com/ | https://markuptoolsets.com/collections/tool-sets-for-bluebeam-tool-sets | https://markuptoolsets.com/collections/bluebeam-revu-drawing-tool-sets,/bluebeam-hvac-mechanical-tool-set/,Bluebeam HVAC Mechanical Tool Set,Bluebeam HVAC Mechanical Tool Set
bluebeam hvac symbols,commercial,consideration,HVAC/mechanical,medium,high,https://markuptoolsets.com/ | https://markuptoolsets.com/collections/tool-sets-for-bluebeam-tool-sets | https://markuptoolsets.com/collections/bluebeam-revu-drawing-tool-sets,/bluebeam-hvac-mechanical-tool-set/,Bluebeam HVAC Mechanical Tool Set,Bluebeam HVAC Mechanical Tool Set
download hvac bluebeam tools,transactional,decision,HVAC/mechanical,medium,high,https://markuptoolsets.com/ | https://markuptoolsets.com/collections/tool-sets-for-bluebeam-tool-sets | https://markuptoolsets.com/collections/bluebeam-revu-drawing-tool-sets,/bluebeam-hvac-mechanical-tool-set/,Bluebeam HVAC Mechanical Tool Set,Bluebeam HVAC Mechanical Tool Set
bluebeam plumbing tool set,commercial,consideration,plumbing,medium,high,https://markuptoolsets.com/collections/tool-sets-for-bluebeam-tool-sets | https://markuptoolsets.com/collections/bluebeam-revu-drawing-tool-sets | https://bim-depot.com/collections/bluebeam,/bluebeam-plumbing-tool-set/,Bluebeam Plumbing Tool Set,Bluebeam Plumbing Tool Set
bluebeam plumbing symbols,commercial,consideration,plumbing,medium,high,https://markuptoolsets.com/collections/tool-sets-for-bluebeam-tool-sets | https://markuptoolsets.com/collections/bluebeam-revu-drawing-tool-sets | https://bim-depot.com/collections/bluebeam,/bluebeam-plumbing-tool-set/,Bluebeam Plumbing Tool Set,Bluebeam Plumbing Tool Set
download plumbing bluebeam tools,transactional,decision,plumbing,medium,high,https://markuptoolsets.com/collections/tool-sets-for-bluebeam-tool-sets | https://markuptoolsets.com/collections/bluebeam-revu-drawing-tool-sets | https://bim-depot.com/collections/bluebeam,/bluebeam-plumbing-tool-set/,Bluebeam Plumbing Tool Set,Bluebeam Plumbing Tool Set
bluebeam estimating/takeoff tool set,commercial,consideration,estimating/takeoff,medium,high,https://markuptoolsets.com/ | https://markuptoolsets.com/collections/tool-sets-for-bluebeam-tool-sets | https://markuptoolsets.com/collections/bluebeam-revu-drawing-tool-sets,/bluebeam-estimating-takeoff-tools/,Bluebeam Estimating and Takeoff Tools,Bluebeam Estimating and Takeoff Tools
bluebeam estimating/takeoff symbols,commercial,consideration,estimating/takeoff,medium,high,https://markuptoolsets.com/ | https://markuptoolsets.com/collections/tool-sets-for-bluebeam-tool-sets | https://markuptoolsets.com/collections/bluebeam-revu-drawing-tool-sets,/bluebeam-estimating-takeoff-tools/,Bluebeam Estimating and Takeoff Tools,Bluebeam Estimating and Takeoff Tools
download estimating/takeoff bluebeam tools,transactional,decision,estimating/takeoff,medium,high,https://markuptoolsets.com/ | https://markuptoolsets.com/collections/tool-sets-for-bluebeam-tool-sets | https://markuptoolsets.com/collections/bluebeam-revu-drawing-tool-sets,/bluebeam-estimating-takeoff-tools/,Bluebeam Estimating and Takeoff Tools,Bluebeam Estimating and Takeoff Tools
bluebeam free samples tool set,commercial,consideration,free samples,medium,lead-gen,https://bim-depot.com/ | https://bim-depot.com/products/bluebeam-toolset-fire-alarm | https://bim-depot.com/products/bluebeam-toolchest-electrical,/free-bluebeam-symbols-sample/,Free Bluebeam Symbols Sample,Free Bluebeam Symbols Sample
bluebeam free samples symbols,commercial,consideration,free samples,medium,lead-gen,https://bim-depot.com/ | https://bim-depot.com/products/bluebeam-toolset-fire-alarm | https://bim-depot.com/products/bluebeam-toolchest-electrical,/free-bluebeam-symbols-sample/,Free Bluebeam Symbols Sample,Free Bluebeam Symbols Sample
download free samples bluebeam tools,transactional,decision,free samples,medium,lead-gen,https://bim-depot.com/ | https://bim-depot.com/products/bluebeam-toolset-fire-alarm | https://bim-depot.com/products/bluebeam-toolchest-electrical,/free-bluebeam-symbols-sample/,Free Bluebeam Symbols Sample,Free Bluebeam Symbols Sample
